epoch,train_loss,val_loss,val_mrr,val_map,val_ndcg5
1,0.6864,0.6586,0.0157,0.0193,0.0
2,0.6309,0.5793,0.0168,0.0217,0.0
3,0.5047,0.6039,0.0198,0.0241,0.0
4,0.4672,0.4986,0.0186,0.0232,0.0
5,0.4381,0.498,0.0196,0.0242,0.0
6,0.4301,0.5015,0.023,0.0267,0.0
7,0.4014,0.528,0.0266,0.029,0.0
8,0.4111,0.5169,0.0286,0.0293,0.0
9,0.3755,0.4954,0.0323,0.0301,0.0
10,0.3322,0.5202,0.0339,0.031,0.0
11,0.2884,0.6075,0.036,0.0318,0.0
12,0.2533,0.5768,0.0429,0.0342,0.0
13,0.1977,0.8618,0.5062,0.1846,0.2346
14,0.2059,0.4835,0.2572,0.1078,0.148
15,0.1944,0.9044,0.0635,0.0407,0.0
16,0.1865,1.0289,0.2582,0.104,0.148
17,0.162,1.0273,0.2585,0.1033,0.148
18,0.1417,0.8253,0.0802,0.045,0.0
19,0.1383,0.8729,0.0582,0.0359,0.0
20,0.1338,1.0493,0.0694,0.0393,0.0
21,0.1292,0.9356,0.0303,0.0232,0.0
22,0.1248,0.6531,0.0302,0.0347,0.0
23,0.1232,0.7328,0.0337,0.0363,0.0
