query_id,document_id,predicted_score,rank,relevance_label
AILA_Q11,C1457,0.414324,1,0
AILA_Q11,C1111,0.40918,2,0
AILA_Q11,C2009,0.408431,3,0
AILA_Q11,C1547,0.408408,4,0
AILA_Q11,C175,0.407382,5,0
AILA_Q11,C2257,0.407151,6,0
AILA_Q11,C2351,0.406255,7,0
AILA_Q11,C499,0.406061,8,0
AILA_Q11,C1642,0.40557,9,0
AILA_Q11,C1632,0.404855,10,0
AILA_Q11,C91,0.404546,11,0
AILA_Q11,C1332,0.404103,12,0
AILA_Q11,C2246,0.403661,13,0
AILA_Q11,C2742,0.403586,14,0
AILA_Q11,C136,0.403394,15,0
AILA_Q11,C73,0.403294,16,0
AILA_Q11,C1531,0.402855,17,0
AILA_Q11,C1858,0.402786,18,0
AILA_Q11,C374,0.401993,19,0
AILA_Q11,C8,0.401907,20,0
AILA_Q11,C2098,0.401707,21,0
AILA_Q11,C1731,0.401664,22,0
AILA_Q11,C2787,0.401434,23,0
AILA_Q11,C262,0.401341,24,0
AILA_Q11,C2158,0.40121,25,0
AILA_Q11,C1354,0.401002,26,0
AILA_Q11,C360,0.40088,27,0
AILA_Q11,C2017,0.400737,28,0
AILA_Q11,C2506,0.400688,29,0
AILA_Q11,C2472,0.400512,30,0
AILA_Q11,C2712,0.400395,31,0
AILA_Q11,C2374,0.399815,32,0
AILA_Q11,C2730,0.399495,33,0
AILA_Q11,C161,0.399293,34,0
AILA_Q11,C2006,0.399047,35,0
AILA_Q11,C737,0.399042,36,0
AILA_Q11,C2190,0.398299,37,0
AILA_Q11,C913,0.398231,38,0
AILA_Q11,C761,0.398165,39,0
AILA_Q11,C132,0.397657,40,1
AILA_Q11,C1916,0.397471,41,0
AILA_Q11,C131,0.397279,42,1
AILA_Q11,C2389,0.39642,43,0
AILA_Q11,C730,0.396202,44,0
AILA_Q11,C2643,0.39618,45,0
AILA_Q11,C2852,0.395944,46,0
AILA_Q11,C1824,0.394988,47,0
AILA_Q11,C2093,0.394844,48,0
AILA_Q11,C1123,0.392775,49,0
AILA_Q11,C418,0.39244,50,0
AILA_Q12,C1457,0.413374,1,0
AILA_Q12,C2009,0.406383,2,0
AILA_Q12,C1111,0.404218,3,0
AILA_Q12,C1547,0.403868,4,0
AILA_Q12,C1235,0.402443,5,0
AILA_Q12,C1845,0.401801,6,0
AILA_Q12,C2351,0.401411,7,0
AILA_Q12,C1332,0.400985,8,0
AILA_Q12,C499,0.400668,9,0
AILA_Q12,C1632,0.399713,10,0
AILA_Q12,C2257,0.399004,11,0
AILA_Q12,C136,0.398297,12,0
AILA_Q12,C2246,0.397229,13,0
AILA_Q12,C2742,0.397065,14,0
AILA_Q12,C1128,0.396868,15,0
AILA_Q12,C262,0.396763,16,0
AILA_Q12,C1658,0.396331,17,0
AILA_Q12,C2098,0.395941,18,0
AILA_Q12,C8,0.395938,19,1
AILA_Q12,C2374,0.395874,20,0
AILA_Q12,C2006,0.395831,21,0
AILA_Q12,C360,0.395472,22,0
AILA_Q12,C1298,0.394997,23,0
AILA_Q12,C2158,0.39493,24,0
AILA_Q12,C374,0.394922,25,0
AILA_Q12,C1731,0.394656,26,0
AILA_Q12,C2509,0.393824,27,0
AILA_Q12,C2448,0.393647,28,0
AILA_Q12,C737,0.393463,29,0
AILA_Q12,C1531,0.393135,30,0
AILA_Q12,C1108,0.392984,31,0
AILA_Q12,C913,0.392847,32,0
AILA_Q12,C267,0.392618,33,0
AILA_Q12,C1251,0.392504,34,0
AILA_Q12,C1095,0.39238,35,0
AILA_Q12,C2730,0.391916,36,0
AILA_Q12,C2190,0.391673,37,0
AILA_Q12,C132,0.391342,38,0
AILA_Q12,C761,0.391318,39,0
AILA_Q12,C131,0.391249,40,0
AILA_Q12,C67,0.391067,41,0
AILA_Q12,C2472,0.390931,42,0
AILA_Q12,C2554,0.389881,43,0
AILA_Q12,C2852,0.389432,44,0
AILA_Q12,C299,0.389396,45,0
AILA_Q12,C2389,0.388746,46,0
AILA_Q12,C1824,0.387818,47,0
AILA_Q12,C2653,0.387551,48,0
AILA_Q12,C575,0.387119,49,0
AILA_Q12,C2298,0.386823,50,0
AILA_Q12,C1123,0.386178,51,0
AILA_Q13,C2022,0.397885,1,0
AILA_Q13,C867,0.397589,2,0
AILA_Q13,C213,0.396443,3,0
AILA_Q13,C2876,0.396302,4,0
AILA_Q13,C2140,0.395193,5,0
AILA_Q13,C40,0.395111,6,1
AILA_Q13,C120,0.394589,7,1
AILA_Q13,C9,0.394129,8,0
AILA_Q13,C2125,0.393609,9,0
AILA_Q13,C789,0.393157,10,0
AILA_Q13,C2640,0.392744,11,0
AILA_Q13,C2758,0.392668,12,0
AILA_Q13,C734,0.392388,13,0
AILA_Q13,C2541,0.392217,14,0
AILA_Q13,C2104,0.391928,15,0
AILA_Q13,C2004,0.391529,16,0
AILA_Q13,C1178,0.391412,17,0
AILA_Q13,C362,0.391158,18,0
AILA_Q13,C521,0.390697,19,0
AILA_Q13,C817,0.390625,20,0
AILA_Q13,C1017,0.39057,21,0
AILA_Q13,C514,0.390322,22,0
AILA_Q13,C290,0.390289,23,0
AILA_Q13,C1509,0.390069,24,0
AILA_Q13,C868,0.390023,25,0
AILA_Q13,C1725,0.389729,26,0
AILA_Q13,C2638,0.3885,27,0
AILA_Q13,C1341,0.388322,28,0
AILA_Q13,C2412,0.387825,29,0
AILA_Q13,C858,0.387713,30,0
AILA_Q13,C1517,0.38737,31,0
AILA_Q13,C895,0.387198,32,0
AILA_Q13,C1523,0.38714,33,0
AILA_Q13,C2642,0.38688,34,0
AILA_Q13,C1994,0.386782,35,0
AILA_Q13,C1592,0.386425,36,0
AILA_Q13,C1732,0.386382,37,0
AILA_Q13,C1482,0.386118,38,0
AILA_Q13,C2290,0.385943,39,0
AILA_Q13,C1005,0.38575,40,0
AILA_Q13,C2729,0.384923,41,0
AILA_Q13,C1651,0.384702,42,0
AILA_Q13,C1679,0.384553,43,0
AILA_Q13,C102,0.384153,44,1
AILA_Q13,C1493,0.384075,45,0
AILA_Q13,C1925,0.38406,46,0
AILA_Q13,C1058,0.38371,47,0
AILA_Q13,C1019,0.383708,48,0
AILA_Q13,C345,0.383145,49,0
AILA_Q13,C2547,0.381413,50,0
AILA_Q13,C1412,0.380681,51,0
AILA_Q14,C1143,0.393226,1,0
AILA_Q14,C1943,0.393182,2,0
AILA_Q14,C1243,0.391297,3,0
AILA_Q14,C1563,0.389886,4,0
AILA_Q14,C1347,0.389761,5,0
AILA_Q14,C1048,0.389716,6,0
AILA_Q14,C178,0.389334,7,0
AILA_Q14,C351,0.389125,8,0
AILA_Q14,C1932,0.388685,9,0
AILA_Q14,C669,0.388459,10,0
AILA_Q14,C1529,0.388418,11,0
AILA_Q14,C2687,0.388198,12,0
AILA_Q14,C2340,0.388136,13,0
AILA_Q14,C762,0.388088,14,0
AILA_Q14,C2417,0.387651,15,0
AILA_Q14,C1941,0.387209,16,0
AILA_Q14,C1550,0.387145,17,0
AILA_Q14,C1262,0.387143,18,0
AILA_Q14,C1374,0.387046,19,0
AILA_Q14,C974,0.386334,20,0
AILA_Q14,C1805,0.385859,21,0
AILA_Q14,C2465,0.385494,22,0
AILA_Q14,C280,0.385443,23,0
AILA_Q14,C167,0.385379,24,0
AILA_Q14,C601,0.385234,25,0
AILA_Q14,C1729,0.384963,26,0
AILA_Q14,C2267,0.384862,27,0
AILA_Q14,C46,0.384445,28,1
AILA_Q14,C2764,0.384406,29,0
AILA_Q14,C1297,0.384317,30,0
AILA_Q14,C2911,0.384143,31,0
AILA_Q14,C1264,0.383758,32,0
AILA_Q14,C1352,0.383648,33,0
AILA_Q14,C1962,0.383641,34,0
AILA_Q14,C636,0.383407,35,0
AILA_Q14,C2671,0.383224,36,0
AILA_Q14,C2362,0.383044,37,0
AILA_Q14,C342,0.383003,38,0
AILA_Q14,C966,0.382884,39,0
AILA_Q14,C1821,0.382644,40,0
AILA_Q14,C529,0.382095,41,0
AILA_Q14,C2695,0.382086,42,0
AILA_Q14,C1739,0.381754,43,0
AILA_Q14,C1699,0.381196,44,0
AILA_Q14,C2167,0.381092,45,0
AILA_Q14,C216,0.381028,46,0
AILA_Q14,C2842,0.380319,47,0
AILA_Q14,C2537,0.380239,48,0
AILA_Q14,C2237,0.38019,49,0
AILA_Q14,C2443,0.37955,50,0
AILA_Q15,C2482,0.392228,1,0
AILA_Q15,C1243,0.391449,2,0
AILA_Q15,C2810,0.390204,3,0
AILA_Q15,C1048,0.390094,4,0
AILA_Q15,C1869,0.389873,5,0
AILA_Q15,C230,0.389859,6,0
AILA_Q15,C1570,0.389515,7,0
AILA_Q15,C178,0.389368,8,0
AILA_Q15,C1932,0.389324,9,0
AILA_Q15,C2687,0.38894,10,0
AILA_Q15,C669,0.38843,11,0
AILA_Q15,C1339,0.388377,12,0
AILA_Q15,C1358,0.388346,13,0
AILA_Q15,C1529,0.38822,14,0
AILA_Q15,C297,0.387889,15,0
AILA_Q15,C2338,0.387832,16,0
AILA_Q15,C2137,0.387509,17,0
AILA_Q15,C185,0.38714,18,1
AILA_Q15,C1167,0.386302,19,0
AILA_Q15,C701,0.386286,20,0
AILA_Q15,C2196,0.386069,21,0
AILA_Q15,C1262,0.386039,22,0
AILA_Q15,C1374,0.38589,23,0
AILA_Q15,C1550,0.385787,24,0
AILA_Q15,C2378,0.38578,25,0
AILA_Q15,C2896,0.385753,26,0
AILA_Q15,C636,0.385208,27,0
AILA_Q15,C1522,0.385136,28,0
AILA_Q15,C468,0.385131,29,0
AILA_Q15,C1524,0.385113,30,0
AILA_Q15,C2764,0.384793,31,0
AILA_Q15,C2267,0.384521,32,0
AILA_Q15,C2232,0.384456,33,0
AILA_Q15,C2239,0.384427,34,0
AILA_Q15,C43,0.384358,35,0
AILA_Q15,C2678,0.384135,36,0
AILA_Q15,C1821,0.383854,37,0
AILA_Q15,C564,0.383698,38,0
AILA_Q15,C1488,0.383328,39,0
AILA_Q15,C378,0.383149,40,0
AILA_Q15,C2163,0.382791,41,0
AILA_Q15,C923,0.38204,42,0
AILA_Q15,C1282,0.381764,43,0
AILA_Q15,C1739,0.381592,44,0
AILA_Q15,C300,0.381591,45,0
AILA_Q15,C2167,0.381331,46,0
AILA_Q15,C1379,0.381231,47,0
AILA_Q15,C370,0.380996,48,0
AILA_Q15,C2237,0.380283,49,0
AILA_Q15,C249,0.37906,50,0
AILA_Q15,C2443,0.378303,51,0
AILA_Q16,C813,0.393839,1,0
AILA_Q16,C1882,0.390189,2,0
AILA_Q16,C2233,0.388588,3,0
AILA_Q16,C1932,0.388218,4,0
AILA_Q16,C549,0.387701,5,0
AILA_Q16,C178,0.387681,6,0
AILA_Q16,C1213,0.38759,7,0
AILA_Q16,C1339,0.387535,8,0
AILA_Q16,C1869,0.387526,9,0
AILA_Q16,C688,0.387498,10,0
AILA_Q16,C1537,0.387387,11,0
AILA_Q16,C1570,0.386843,12,0
AILA_Q16,C2910,0.386678,13,0
AILA_Q16,C2340,0.386546,14,0
AILA_Q16,C2354,0.386309,15,0
AILA_Q16,C2789,0.386246,16,0
AILA_Q16,C1941,0.386131,17,0
AILA_Q16,C351,0.38595,18,0
AILA_Q16,C2843,0.38566,19,0
AILA_Q16,C617,0.385502,20,0
AILA_Q16,C632,0.385239,21,0
AILA_Q16,C2486,0.385219,22,0
AILA_Q16,C1522,0.385184,23,0
AILA_Q16,C1262,0.385125,24,0
AILA_Q16,C744,0.384711,25,0
AILA_Q16,C903,0.384256,26,0
AILA_Q16,C1550,0.384253,27,0
AILA_Q16,C128,0.384073,28,0
AILA_Q16,C211,0.384042,29,0
AILA_Q16,C2267,0.383895,30,0
AILA_Q16,C50,0.383884,31,1
AILA_Q16,C1729,0.383608,32,0
AILA_Q16,C166,0.383571,33,1
AILA_Q16,C636,0.383469,34,0
AILA_Q16,C787,0.383403,35,0
AILA_Q16,C86,0.383381,36,0
AILA_Q16,C2315,0.383339,37,0
AILA_Q16,C1488,0.382676,38,0
AILA_Q16,C1352,0.382522,39,0
AILA_Q16,C1154,0.382477,40,0
AILA_Q16,C1821,0.382297,41,0
AILA_Q16,C463,0.381692,42,0
AILA_Q16,C1183,0.381402,43,0
AILA_Q16,C1151,0.381336,44,0
AILA_Q16,C1933,0.381159,45,0
AILA_Q16,C592,0.381055,46,0
AILA_Q16,C1739,0.380728,47,0
AILA_Q16,C1533,0.37997,48,0
AILA_Q16,C1225,0.378949,49,0
AILA_Q16,C2237,0.378939,50,0
AILA_Q16,C2577,0.378374,51,0
AILA_Q16,C2808,0.376723,52,0
AILA_Q17,C1457,0.414975,1,0
AILA_Q17,C2009,0.406743,2,0
AILA_Q17,C1208,0.406704,3,0
AILA_Q17,C1111,0.404716,4,0
AILA_Q17,C1547,0.403408,5,0
AILA_Q17,C1845,0.402011,6,0
AILA_Q17,C499,0.401333,7,0
AILA_Q17,C1332,0.401147,8,0
AILA_Q17,C2351,0.400734,9,0
AILA_Q17,C91,0.400022,10,0
AILA_Q17,C175,0.399254,11,0
AILA_Q17,C136,0.399014,12,0
AILA_Q17,C2257,0.398446,13,0
AILA_Q17,C2098,0.397055,14,0
AILA_Q17,C2787,0.396951,15,0
AILA_Q17,C2742,0.396802,16,0
AILA_Q17,C262,0.395759,17,0
AILA_Q17,C2246,0.395751,18,0
AILA_Q17,C73,0.395612,19,0
AILA_Q17,C2006,0.395419,20,0
AILA_Q17,C23,0.395349,21,1
AILA_Q17,C1354,0.394987,22,0
AILA_Q17,C1731,0.394871,23,0
AILA_Q17,C360,0.394724,24,0
AILA_Q17,C145,0.394603,25,1
AILA_Q17,C374,0.394377,26,0
AILA_Q17,C2374,0.39428,27,0
AILA_Q17,C737,0.393822,28,0
AILA_Q17,C2158,0.393385,29,0
AILA_Q17,C2509,0.39328,30,0
AILA_Q17,C1531,0.393216,31,0
AILA_Q17,C2506,0.393121,32,0
AILA_Q17,C1916,0.392621,33,0
AILA_Q17,C1108,0.392527,34,0
AILA_Q17,C913,0.392338,35,0
AILA_Q17,C161,0.392254,36,0
AILA_Q17,C132,0.391116,37,0
AILA_Q17,C2730,0.391078,38,0
AILA_Q17,C131,0.390952,39,0
AILA_Q17,C267,0.390873,40,0
AILA_Q17,C730,0.390163,41,0
AILA_Q17,C2190,0.390133,42,0
AILA_Q17,C67,0.389921,43,1
AILA_Q17,C2389,0.389291,44,0
AILA_Q17,C2017,0.389146,45,0
AILA_Q17,C2643,0.389087,46,0
AILA_Q17,C2852,0.389067,47,0
AILA_Q17,C2472,0.388983,48,0
AILA_Q17,C1824,0.387385,49,0
AILA_Q17,C418,0.38683,50,0
AILA_Q17,C2093,0.385776,51,0
AILA_Q17,C2569,0.385532,52,0
AILA_Q18,C1889,0.418093,1,0
AILA_Q18,C2668,0.413286,2,0
AILA_Q18,C1808,0.40916,3,0
AILA_Q18,C2422,0.405411,4,0
AILA_Q18,C116,0.404939,5,0
AILA_Q18,C1301,0.404902,6,0
AILA_Q18,C1069,0.404152,7,0
AILA_Q18,C2162,0.403768,8,0
AILA_Q18,C951,0.403523,9,0
AILA_Q18,C266,0.402224,10,0
AILA_Q18,C1006,0.402153,11,0
AILA_Q18,C1839,0.401881,12,0
AILA_Q18,C1319,0.401848,13,0
AILA_Q18,C581,0.40177,14,0
AILA_Q18,C2625,0.400792,15,0
AILA_Q18,C1229,0.400714,16,0
AILA_Q18,C2639,0.400305,17,0
AILA_Q18,C1973,0.400102,18,0
AILA_Q18,C2716,0.399994,19,0
AILA_Q18,C1023,0.399957,20,0
AILA_Q18,C2856,0.399941,21,0
AILA_Q18,C179,0.399806,22,0
AILA_Q18,C188,0.39955,23,1
AILA_Q18,C1293,0.399456,24,0
AILA_Q18,C181,0.39935,25,0
AILA_Q18,C2630,0.399035,26,0
AILA_Q18,C504,0.3988,27,0
AILA_Q18,C700,0.398238,28,0
AILA_Q18,C835,0.397283,29,0
AILA_Q18,C514,0.397166,30,0
AILA_Q18,C1927,0.397105,31,0
AILA_Q18,C639,0.396876,32,0
AILA_Q18,C2495,0.396378,33,0
AILA_Q18,C1085,0.396305,34,0
AILA_Q18,C914,0.396264,35,0
AILA_Q18,C2079,0.396001,36,0
AILA_Q18,C1390,0.395144,37,0
AILA_Q18,C193,0.394472,38,0
AILA_Q18,C436,0.394424,39,0
AILA_Q18,C1424,0.393848,40,0
AILA_Q18,C183,0.393124,41,0
AILA_Q18,C2710,0.393054,42,0
AILA_Q18,C2367,0.392852,43,0
AILA_Q18,C2350,0.392822,44,0
AILA_Q18,C2624,0.392758,45,0
AILA_Q18,C44,0.392177,46,0
AILA_Q18,C302,0.391873,47,0
AILA_Q18,C2688,0.391585,48,0
AILA_Q18,C115,0.390799,49,0
AILA_Q18,C1078,0.390207,50,0
AILA_Q19,C813,0.39618,1,0
AILA_Q19,C89,0.395588,2,1
AILA_Q19,C2245,0.394004,3,0
AILA_Q19,C124,0.392272,4,0
AILA_Q19,C1243,0.392247,5,0
AILA_Q19,C892,0.391149,6,0
AILA_Q19,C1846,0.389322,7,0
AILA_Q19,C2340,0.389178,8,0
AILA_Q19,C669,0.388792,9,0
AILA_Q19,C2687,0.388781,10,0
AILA_Q19,C2910,0.388519,11,0
AILA_Q19,C178,0.388213,12,0
AILA_Q19,C2902,0.3876,13,0
AILA_Q19,C142,0.387541,14,1
AILA_Q19,C1167,0.387393,15,0
AILA_Q19,C1529,0.387304,16,0
AILA_Q19,C687,0.387057,17,0
AILA_Q19,C2161,0.387017,18,0
AILA_Q19,C2745,0.386385,19,0
AILA_Q19,C2759,0.386084,20,0
AILA_Q19,C1262,0.386054,21,0
AILA_Q19,C1250,0.386023,22,0
AILA_Q19,C1374,0.385901,23,0
AILA_Q19,C2196,0.38558,24,0
AILA_Q19,C2267,0.385498,25,0
AILA_Q19,C350,0.385163,26,0
AILA_Q19,C1550,0.38505,27,0
AILA_Q19,C636,0.38483,28,0
AILA_Q19,C2232,0.384823,29,0
AILA_Q19,C1977,0.384621,30,0
AILA_Q19,C468,0.3843,31,0
AILA_Q19,C2525,0.384201,32,0
AILA_Q19,C1524,0.383942,33,0
AILA_Q19,C1622,0.383781,34,0
AILA_Q19,C2265,0.38373,35,0
AILA_Q19,C1352,0.383232,36,0
AILA_Q19,C1621,0.383224,37,0
AILA_Q19,C342,0.383151,38,0
AILA_Q19,C77,0.382865,39,1
AILA_Q19,C2163,0.382769,40,0
AILA_Q19,C63,0.382735,41,1
AILA_Q19,C1739,0.382625,42,0
AILA_Q19,C565,0.382616,43,0
AILA_Q19,C642,0.382604,44,0
AILA_Q19,C559,0.382287,45,0
AILA_Q19,C2512,0.382239,46,0
AILA_Q19,C923,0.381865,47,0
AILA_Q19,C953,0.381679,48,0
AILA_Q19,C2081,0.381247,49,0
AILA_Q19,C2253,0.3806,50,0
AILA_Q19,C2237,0.380415,51,0
AILA_Q19,C1894,0.380092,52,0
AILA_Q19,C249,0.379817,53,0
AILA_Q19,C1320,0.379318,54,0
AILA_Q20,C813,0.396602,1,0
AILA_Q20,C2482,0.393283,2,0
AILA_Q20,C206,0.392232,3,0
AILA_Q20,C892,0.39185,4,0
AILA_Q20,C168,0.391296,5,1
AILA_Q20,C134,0.390502,6,1
AILA_Q20,C2853,0.390406,7,0
AILA_Q20,C1882,0.390392,8,0
AILA_Q20,C1213,0.390141,9,0
AILA_Q20,C669,0.389609,10,0
AILA_Q20,C1328,0.389495,11,0
AILA_Q20,C760,0.389206,12,0
AILA_Q20,C2850,0.389149,13,0
AILA_Q20,C2910,0.388897,14,0
AILA_Q20,C688,0.388543,15,0
AILA_Q20,C2816,0.388522,16,0
AILA_Q20,C2114,0.388346,17,0
AILA_Q20,C1048,0.388301,18,0
AILA_Q20,C2378,0.387595,19,0
AILA_Q20,C2737,0.387496,20,0
AILA_Q20,C1690,0.387376,21,0
AILA_Q20,C1948,0.386726,22,0
AILA_Q20,C744,0.386713,23,0
AILA_Q20,C2824,0.386392,24,0
AILA_Q20,C280,0.386332,25,0
AILA_Q20,C2789,0.386287,26,0
AILA_Q20,C1550,0.385932,27,0
AILA_Q20,C269,0.385763,28,0
AILA_Q20,C2267,0.385483,29,0
AILA_Q20,C468,0.385146,30,0
AILA_Q20,C1402,0.385136,31,0
AILA_Q20,C905,0.3851,32,0
AILA_Q20,C1355,0.384939,33,0
AILA_Q20,C642,0.384912,34,0
AILA_Q20,C1428,0.384653,35,0
AILA_Q20,C2835,0.384408,36,0
AILA_Q20,C2618,0.384376,37,0
AILA_Q20,C2239,0.384345,38,0
AILA_Q20,C358,0.384344,39,0
AILA_Q20,C1959,0.384272,40,0
AILA_Q20,C444,0.38397,41,0
AILA_Q20,C2177,0.383942,42,0
AILA_Q20,C2795,0.383941,43,0
AILA_Q20,C1352,0.383674,44,0
AILA_Q20,C1151,0.38348,45,0
AILA_Q20,C1344,0.383308,46,0
AILA_Q20,C2878,0.383208,47,0
AILA_Q20,C2163,0.383091,48,0
AILA_Q20,C1739,0.382994,49,0
AILA_Q20,C1189,0.382351,50,0
AILA_Q20,C1513,0.381543,51,0
AILA_Q20,C216,0.381039,52,0
AILA_Q21,C347,0.406125,1,0
AILA_Q21,C1650,0.402471,2,0
AILA_Q21,C28,0.400179,3,1
AILA_Q21,C289,0.399537,4,0
AILA_Q21,C2516,0.398615,5,0
AILA_Q21,C1330,0.398338,6,0
AILA_Q21,C1122,0.396162,7,0
AILA_Q21,C1833,0.395905,8,0
AILA_Q21,C113,0.395708,9,1
AILA_Q21,C2758,0.394999,10,0
AILA_Q21,C1125,0.394341,11,0
AILA_Q21,C218,0.394316,12,0
AILA_Q21,C2068,0.394287,13,0
AILA_Q21,C2591,0.394055,14,0
AILA_Q21,C1081,0.393927,15,0
AILA_Q21,C2369,0.393515,16,0
AILA_Q21,C2630,0.393511,17,0
AILA_Q21,C174,0.393434,18,0
AILA_Q21,C1414,0.393208,19,0
AILA_Q21,C1664,0.393058,20,0
AILA_Q21,C525,0.392979,21,0
AILA_Q21,C1672,0.392949,22,0
AILA_Q21,C681,0.392936,23,0
AILA_Q21,C1197,0.392687,24,0
AILA_Q21,C1717,0.392571,25,0
AILA_Q21,C1231,0.392481,26,0
AILA_Q21,C1169,0.392465,27,0
AILA_Q21,C2065,0.392319,28,0
AILA_Q21,C615,0.392308,29,0
AILA_Q21,C1509,0.392154,30,0
AILA_Q21,C971,0.391497,31,0
AILA_Q21,C2621,0.391418,32,0
AILA_Q21,C916,0.391381,33,0
AILA_Q21,C114,0.3906,34,1
AILA_Q21,C663,0.390294,35,0
AILA_Q21,C245,0.390258,36,0
AILA_Q21,C313,0.38974,37,0
AILA_Q21,C857,0.389307,38,0
AILA_Q21,C733,0.389123,39,0
AILA_Q21,C1714,0.388992,40,0
AILA_Q21,C2198,0.388753,41,0
AILA_Q21,C1879,0.388654,42,0
AILA_Q21,C613,0.388567,43,0
AILA_Q21,C2786,0.388034,44,0
AILA_Q21,C1100,0.38798,45,0
AILA_Q21,C316,0.387249,46,0
AILA_Q21,C345,0.386309,47,0
AILA_Q21,C48,0.385568,48,1
AILA_Q21,C1493,0.385056,49,0
AILA_Q21,C38,0.384983,50,0
AILA_Q21,C806,0.382995,51,0
AILA_Q21,C1369,0.38211,52,0
AILA_Q22,C1286,0.399087,1,0
AILA_Q22,C1728,0.391932,2,0
AILA_Q22,C2520,0.390143,3,0
AILA_Q22,C1882,0.38986,4,0
AILA_Q22,C118,0.389378,5,1
AILA_Q22,C2270,0.389291,6,0
AILA_Q22,C2384,0.389004,7,0
AILA_Q22,C833,0.38858,8,0
AILA_Q22,C2373,0.388388,9,0
AILA_Q22,C255,0.388372,10,0
AILA_Q22,C1213,0.388302,11,0
AILA_Q22,C1393,0.388177,12,0
AILA_Q22,C2910,0.387845,13,0
AILA_Q22,C650,0.387714,14,0
AILA_Q22,C1698,0.387476,15,0
AILA_Q22,C845,0.387021,16,0
AILA_Q22,C960,0.386936,17,0
AILA_Q22,C2685,0.386854,18,0
AILA_Q22,C1904,0.386677,19,0
AILA_Q22,C2052,0.386456,20,0
AILA_Q22,C2538,0.386238,21,0
AILA_Q22,C487,0.386172,22,0
AILA_Q22,C2571,0.386024,23,0
AILA_Q22,C744,0.385811,24,0
AILA_Q22,C2776,0.385678,25,0
AILA_Q22,C2797,0.385398,26,0
AILA_Q22,C2354,0.385356,27,0
AILA_Q22,C1585,0.385355,28,0
AILA_Q22,C632,0.385347,29,0
AILA_Q22,C62,0.384855,30,0
AILA_Q22,C2404,0.384753,31,0
AILA_Q22,C1254,0.384557,32,0
AILA_Q22,C1549,0.384192,33,0
AILA_Q22,C2169,0.384155,34,0
AILA_Q22,C937,0.384141,35,0
AILA_Q22,C2434,0.384012,36,0
AILA_Q22,C2576,0.384007,37,0
AILA_Q22,C1154,0.383679,38,0
AILA_Q22,C600,0.383677,39,0
AILA_Q22,C1171,0.383006,40,0
AILA_Q22,C210,0.382709,41,0
AILA_Q22,C363,0.382471,42,0
AILA_Q22,C2261,0.382349,43,0
AILA_Q22,C1804,0.382338,44,0
AILA_Q22,C686,0.382311,45,0
AILA_Q22,C1439,0.382202,46,0
AILA_Q22,C2747,0.382046,47,0
AILA_Q22,C2467,0.382028,48,0
AILA_Q22,C1956,0.381173,49,0
AILA_Q22,C11,0.380892,50,1
AILA_Q22,C2303,0.38053,51,0
AILA_Q22,C1996,0.380319,52,0
AILA_Q23,C1792,0.409859,1,0
AILA_Q23,C366,0.407428,2,0
AILA_Q23,C2857,0.405319,3,0
AILA_Q23,C2582,0.404852,4,0
AILA_Q23,C2503,0.404715,5,0
AILA_Q23,C2043,0.404389,6,0
AILA_Q23,C2876,0.404017,7,0
AILA_Q23,C2672,0.403945,8,0
AILA_Q23,C552,0.4036,9,0
AILA_Q23,C2531,0.403225,10,0
AILA_Q23,C2266,0.403053,11,0
AILA_Q23,C867,0.402894,12,0
AILA_Q23,C2821,0.401382,13,0
AILA_Q23,C2466,0.401352,14,0
AILA_Q23,C2895,0.4008,15,0
AILA_Q23,C2468,0.400747,16,0
AILA_Q23,C1683,0.400725,17,0
AILA_Q23,C514,0.400596,18,0
AILA_Q23,C2176,0.400325,19,0
AILA_Q23,C1770,0.400218,20,0
AILA_Q23,C648,0.400206,21,0
AILA_Q23,C1867,0.400202,22,0
AILA_Q23,C1361,0.399834,23,0
AILA_Q23,C1583,0.399349,24,0
AILA_Q23,C33,0.399185,25,0
AILA_Q23,C1927,0.398737,26,0
AILA_Q23,C88,0.398457,27,1
AILA_Q23,C1138,0.398315,28,0
AILA_Q23,C401,0.3982,29,0
AILA_Q23,C1196,0.398104,30,0
AILA_Q23,C64,0.397988,31,0
AILA_Q23,C2611,0.397795,32,0
AILA_Q23,C887,0.397595,33,0
AILA_Q23,C1733,0.397431,34,0
AILA_Q23,C977,0.397378,35,0
AILA_Q23,C2165,0.397119,36,0
AILA_Q23,C877,0.397068,37,0
AILA_Q23,C1050,0.396832,38,0
AILA_Q23,C1098,0.396279,39,0
AILA_Q23,C1161,0.396159,40,0
AILA_Q23,C10,0.396084,41,1
AILA_Q23,C2317,0.395748,42,0
AILA_Q23,C2544,0.394781,43,0
AILA_Q23,C1424,0.394684,44,0
AILA_Q23,C803,0.39432,45,0
AILA_Q23,C183,0.394094,46,0
AILA_Q23,C913,0.393484,47,0
AILA_Q23,C2717,0.393339,48,0
AILA_Q23,C1237,0.392913,49,0
AILA_Q23,C1032,0.392012,50,0
AILA_Q23,C1348,0.391941,51,0
AILA_Q23,C1055,0.390268,52,0
AILA_Q24,C1788,0.395071,1,0
AILA_Q24,C171,0.393951,2,1
AILA_Q24,C1846,0.392827,3,0
AILA_Q24,C1648,0.392257,4,0
AILA_Q24,C1570,0.391895,5,0
AILA_Q24,C1148,0.391651,6,0
AILA_Q24,C2518,0.390183,7,0
AILA_Q24,C1427,0.39011,8,0
AILA_Q24,C1529,0.389168,9,0
AILA_Q24,C494,0.3891,10,0
AILA_Q24,C2196,0.389016,11,0
AILA_Q24,C717,0.38894,12,0
AILA_Q24,C1000,0.388804,13,0
AILA_Q24,C1262,0.388797,14,0
AILA_Q24,C1874,0.388774,15,0
AILA_Q24,C220,0.388403,16,0
AILA_Q24,C2229,0.387843,17,0
AILA_Q24,C1729,0.387793,18,0
AILA_Q24,C402,0.387602,19,0
AILA_Q24,C269,0.387519,20,0
AILA_Q24,C1550,0.387322,21,0
AILA_Q24,C2830,0.387033,22,0
AILA_Q24,C1553,0.386905,23,0
AILA_Q24,C2209,0.386658,24,0
AILA_Q24,C2075,0.386546,25,0
AILA_Q24,C2267,0.386402,26,0
AILA_Q24,C636,0.386012,27,0
AILA_Q24,C486,0.385593,28,0
AILA_Q24,C2163,0.38553,29,0
AILA_Q24,C801,0.385462,30,0
AILA_Q24,C2395,0.3854,31,0
AILA_Q24,C2637,0.385204,32,0
AILA_Q24,C1438,0.385172,33,0
AILA_Q24,C1264,0.38514,34,0
AILA_Q24,C1821,0.384936,35,0
AILA_Q24,C2310,0.384891,36,0
AILA_Q24,C1569,0.384839,37,0
AILA_Q24,C1742,0.384771,38,0
AILA_Q24,C625,0.384394,39,0
AILA_Q24,C1744,0.384326,40,0
AILA_Q24,C378,0.384069,41,0
AILA_Q24,C1233,0.384025,42,0
AILA_Q24,C1621,0.383991,43,0
AILA_Q24,C1721,0.383748,44,0
AILA_Q24,C1739,0.383083,45,0
AILA_Q24,C1156,0.382895,46,0
AILA_Q24,C2167,0.382439,47,0
AILA_Q24,C2099,0.38232,48,0
AILA_Q24,C2151,0.381262,49,0
AILA_Q24,C2443,0.379694,50,0
AILA_Q24,C2203,0.379509,51,0
AILA_Q25,C951,0.397367,1,0
AILA_Q25,C756,0.395606,2,0
AILA_Q25,C755,0.395586,3,0
AILA_Q25,C2833,0.394061,4,0
AILA_Q25,C1224,0.391923,5,0
AILA_Q25,C2043,0.391785,6,0
AILA_Q25,C986,0.391684,7,0
AILA_Q25,C1640,0.391384,8,0
AILA_Q25,C41,0.391262,9,1
AILA_Q25,C2208,0.390907,10,0
AILA_Q25,C1105,0.390747,11,0
AILA_Q25,C2380,0.390458,12,0
AILA_Q25,C1527,0.390289,13,0
AILA_Q25,C2661,0.39027,14,0
AILA_Q25,C1022,0.390263,15,0
AILA_Q25,C1187,0.390221,16,0
AILA_Q25,C2204,0.390143,17,0
AILA_Q25,C1635,0.389902,18,0
AILA_Q25,C1442,0.389545,19,0
AILA_Q25,C29,0.389118,20,1
AILA_Q25,C2266,0.388689,21,0
AILA_Q25,C2624,0.388628,22,0
AILA_Q25,C17,0.388521,23,1
AILA_Q25,C1612,0.388422,24,0
AILA_Q25,C2363,0.388002,25,0
AILA_Q25,C1733,0.387982,26,0
AILA_Q25,C1186,0.387498,27,0
AILA_Q25,C2499,0.387249,28,0
AILA_Q25,C2464,0.387043,29,0
AILA_Q25,C2401,0.387014,30,0
AILA_Q25,C2702,0.386496,31,0
AILA_Q25,C1313,0.386467,32,0
AILA_Q25,C1204,0.386319,33,0
AILA_Q25,C1759,0.385934,34,0
AILA_Q25,C1238,0.385839,35,0
AILA_Q25,C473,0.385556,36,0
AILA_Q25,C64,0.385455,37,0
AILA_Q25,C2869,0.385242,38,0
AILA_Q25,C945,0.385199,39,0
AILA_Q25,C881,0.385026,40,0
AILA_Q25,C2436,0.38484,41,0
AILA_Q25,C2555,0.384278,42,0
AILA_Q25,C1400,0.383948,43,0
AILA_Q25,C2070,0.383609,44,0
AILA_Q25,C443,0.383561,45,0
AILA_Q25,C1078,0.383164,46,0
AILA_Q25,C84,0.382998,47,1
AILA_Q25,C400,0.382322,48,0
AILA_Q25,C1656,0.382312,49,0
AILA_Q25,C105,0.38205,50,1
AILA_Q25,C1528,0.381572,51,0
AILA_Q25,C1161,0.381511,52,0
AILA_Q25,C15,0.380716,53,1
AILA_Q25,C1132,0.379797,54,0
AILA_Q26,C116,0.399875,1,1
AILA_Q26,C2668,0.399039,2,0
AILA_Q26,C2422,0.397364,3,0
AILA_Q26,C87,0.395308,4,1
AILA_Q26,C2531,0.394635,5,0
AILA_Q26,C792,0.394209,6,0
AILA_Q26,C2503,0.393744,7,0
AILA_Q26,C1789,0.393717,8,0
AILA_Q26,C755,0.392944,9,0
AILA_Q26,C188,0.392939,10,0
AILA_Q26,C2856,0.392852,11,0
AILA_Q26,C2226,0.39273,12,0
AILA_Q26,C2087,0.392493,13,0
AILA_Q26,C2639,0.392103,14,0
AILA_Q26,C504,0.39188,15,0
AILA_Q26,C700,0.391794,16,0
AILA_Q26,C2716,0.391523,17,0
AILA_Q26,C1442,0.39144,18,0
AILA_Q26,C133,0.39121,19,1
AILA_Q26,C2630,0.390933,20,0
AILA_Q26,C681,0.390456,21,0
AILA_Q26,C1224,0.390325,22,0
AILA_Q26,C2780,0.389955,23,0
AILA_Q26,C2380,0.38987,24,0
AILA_Q26,C179,0.389807,25,1
AILA_Q26,C581,0.389726,26,0
AILA_Q26,C1085,0.389164,27,0
AILA_Q26,C2266,0.389127,28,0
AILA_Q26,C1733,0.389082,29,0
AILA_Q26,C2220,0.388857,30,0
AILA_Q26,C108,0.388658,31,1
AILA_Q26,C1756,0.388625,32,0
AILA_Q26,C1309,0.388239,33,0
AILA_Q26,C877,0.387547,34,0
AILA_Q26,C965,0.387291,35,0
AILA_Q26,C478,0.387124,36,0
AILA_Q26,C183,0.386822,37,1
AILA_Q26,C2350,0.386622,38,0
AILA_Q26,C2367,0.386592,39,0
AILA_Q26,C44,0.386372,40,1
AILA_Q26,C436,0.386332,41,0
AILA_Q26,C2436,0.386324,42,0
AILA_Q26,C881,0.386297,43,0
AILA_Q26,C1424,0.385866,44,0
AILA_Q26,C2702,0.385658,45,0
AILA_Q26,C1161,0.385392,46,0
AILA_Q26,C809,0.385197,47,0
AILA_Q26,C2710,0.385009,48,0
AILA_Q26,C48,0.384606,49,0
AILA_Q26,C2794,0.384084,50,0
AILA_Q26,C400,0.383444,51,0
AILA_Q26,C1032,0.382485,52,0
AILA_Q26,C115,0.382303,53,1
AILA_Q27,C1655,0.412027,1,0
AILA_Q27,C2009,0.411265,2,0
AILA_Q27,C1069,0.41049,3,0
AILA_Q27,C366,0.410102,4,0
AILA_Q27,C996,0.409799,5,0
AILA_Q27,C909,0.409678,6,0
AILA_Q27,C2257,0.408167,7,0
AILA_Q27,C1752,0.407569,8,0
AILA_Q27,C175,0.407091,9,1
AILA_Q27,C177,0.406721,10,0
AILA_Q27,C2351,0.406658,11,0
AILA_Q27,C1332,0.406534,12,0
AILA_Q27,C1490,0.40629,13,0
AILA_Q27,C2211,0.405645,14,0
AILA_Q27,C1547,0.405511,15,0
AILA_Q27,C73,0.405423,16,1
AILA_Q27,C91,0.405309,17,1
AILA_Q27,C374,0.40512,18,0
AILA_Q27,C1378,0.405009,19,0
AILA_Q27,C136,0.404139,20,1
AILA_Q27,C360,0.404057,21,0
AILA_Q27,C2164,0.403522,22,0
AILA_Q27,C2742,0.403184,23,0
AILA_Q27,C2374,0.402743,24,0
AILA_Q27,C1731,0.402287,25,0
AILA_Q27,C2787,0.402111,26,0
AILA_Q27,C2172,0.402021,27,0
AILA_Q27,C2006,0.401351,28,0
AILA_Q27,C2158,0.401323,29,0
AILA_Q27,C1354,0.401101,30,0
AILA_Q27,C2472,0.400867,31,0
AILA_Q27,C2730,0.400796,32,0
AILA_Q27,C506,0.400589,33,0
AILA_Q27,C375,0.400464,34,0
AILA_Q27,C161,0.400245,35,1
AILA_Q27,C2506,0.39995,36,0
AILA_Q27,C132,0.399777,37,0
AILA_Q27,C730,0.399553,38,0
AILA_Q27,C2616,0.399522,39,0
AILA_Q27,C737,0.399375,40,0
AILA_Q27,C2017,0.399275,41,0
AILA_Q27,C2852,0.398911,42,0
AILA_Q27,C913,0.398716,43,0
AILA_Q27,C272,0.398645,44,0
AILA_Q27,C2389,0.398563,45,0
AILA_Q27,C1824,0.3983,46,0
AILA_Q27,C1916,0.398047,47,0
AILA_Q27,C131,0.396819,48,0
AILA_Q27,C622,0.396762,49,0
AILA_Q27,C1123,0.396015,50,0
AILA_Q27,C418,0.393682,51,0
AILA_Q28,C813,0.395444,1,0
AILA_Q28,C294,0.391409,2,0
AILA_Q28,C892,0.390291,3,0
AILA_Q28,C1946,0.390143,4,0
AILA_Q28,C768,0.389544,5,0
AILA_Q28,C2853,0.389336,6,0
AILA_Q28,C1932,0.389128,7,0
AILA_Q28,C2340,0.388517,8,0
AILA_Q28,C2745,0.387755,9,0
AILA_Q28,C2210,0.387671,10,0
AILA_Q28,C230,0.387669,11,0
AILA_Q28,C178,0.387518,12,1
AILA_Q28,C563,0.387151,13,0
AILA_Q28,C2080,0.386879,14,0
AILA_Q28,C2375,0.386841,15,0
AILA_Q28,C1099,0.386809,16,0
AILA_Q28,C2478,0.386627,17,0
AILA_Q28,C617,0.386436,18,0
AILA_Q28,C1630,0.386307,19,0
AILA_Q28,C2789,0.38608,20,0
AILA_Q28,C1941,0.38581,21,0
AILA_Q28,C280,0.385551,22,0
AILA_Q28,C1262,0.385478,23,0
AILA_Q28,C1948,0.385478,24,0
AILA_Q28,C220,0.385295,25,0
AILA_Q28,C1522,0.385145,26,0
AILA_Q28,C626,0.385056,27,0
AILA_Q28,C1998,0.384943,28,0
AILA_Q28,C2265,0.384383,29,0
AILA_Q28,C402,0.384287,30,0
AILA_Q28,C556,0.384258,31,0
AILA_Q28,C1247,0.384183,32,0
AILA_Q28,C2795,0.384121,33,0
AILA_Q28,C71,0.384064,34,1
AILA_Q28,C2267,0.384041,35,0
AILA_Q28,C2525,0.383994,36,0
AILA_Q28,C1821,0.383981,37,0
AILA_Q28,C1352,0.383657,38,0
AILA_Q28,C1875,0.383619,39,0
AILA_Q28,C1550,0.383494,40,0
AILA_Q28,C1619,0.383361,41,0
AILA_Q28,C1729,0.383298,42,0
AILA_Q28,C636,0.383243,43,0
AILA_Q28,C554,0.383069,44,0
AILA_Q28,C1488,0.382874,45,0
AILA_Q28,C1083,0.382411,46,0
AILA_Q28,C2167,0.382253,47,0
AILA_Q28,C1739,0.382113,48,0
AILA_Q28,C1957,0.381331,49,0
AILA_Q28,C1159,0.380555,50,0
AILA_Q28,C2237,0.380511,51,0
AILA_Q28,C439,0.379379,52,0
AILA_Q29,C153,0.405403,1,1
AILA_Q29,C6,0.403939,2,1
AILA_Q29,C1728,0.402056,3,0
AILA_Q29,C24,0.397141,4,1
AILA_Q29,C124,0.396448,5,1
AILA_Q29,C1882,0.395961,6,0
AILA_Q29,C66,0.39532,7,1
AILA_Q29,C127,0.394962,8,1
AILA_Q29,C2520,0.394629,9,0
AILA_Q29,C20,0.394525,10,0
AILA_Q29,C2340,0.394469,11,0
AILA_Q29,C283,0.394453,12,0
AILA_Q29,C2326,0.394396,13,0
AILA_Q29,C833,0.394353,14,0
AILA_Q29,C169,0.39421,15,1
AILA_Q29,C354,0.39345,16,0
AILA_Q29,C1184,0.393446,17,0
AILA_Q29,C2102,0.393377,18,0
AILA_Q29,C100,0.392913,19,1
AILA_Q29,C2270,0.392815,20,0
AILA_Q29,C74,0.392708,21,1
AILA_Q29,C68,0.392584,22,1
AILA_Q29,C138,0.392456,23,1
AILA_Q29,C1855,0.392291,24,0
AILA_Q29,C1941,0.392276,25,0
AILA_Q29,C1351,0.392236,26,0
AILA_Q29,C632,0.391844,27,0
AILA_Q29,C2159,0.391626,28,0
AILA_Q29,C2776,0.391214,29,0
AILA_Q29,C1550,0.39112,30,0
AILA_Q29,C744,0.390694,31,0
AILA_Q29,C173,0.390507,32,1
AILA_Q29,C2354,0.390453,33,0
AILA_Q29,C645,0.390104,34,0
AILA_Q29,C62,0.390014,35,1
AILA_Q29,C2390,0.389923,36,0
AILA_Q29,C1262,0.389802,37,0
AILA_Q29,C2267,0.38979,38,0
AILA_Q29,C2751,0.389383,39,0
AILA_Q29,C2795,0.389214,40,0
AILA_Q29,C554,0.389047,41,0
AILA_Q29,C973,0.389032,42,0
AILA_Q29,C1488,0.388841,43,0
AILA_Q29,C363,0.388815,44,0
AILA_Q29,C614,0.388716,45,0
AILA_Q29,C937,0.388361,46,0
AILA_Q29,C2169,0.388313,47,0
AILA_Q29,C2404,0.388241,48,0
AILA_Q29,C409,0.38824,49,0
AILA_Q29,C1171,0.388153,50,0
AILA_Q29,C156,0.388019,51,1
AILA_Q29,C2878,0.387333,52,0
AILA_Q29,C2434,0.387327,53,0
AILA_Q29,C159,0.387305,54,1
AILA_Q29,C34,0.387304,55,1
AILA_Q29,C1329,0.387187,56,0
AILA_Q29,C163,0.387098,57,1
AILA_Q29,C140,0.387002,58,1
AILA_Q29,C2863,0.386891,59,0
AILA_Q29,C686,0.386503,60,0
AILA_Q29,C1549,0.386457,61,0
AILA_Q29,C63,0.386054,62,1
AILA_Q29,C2662,0.38599,63,0
AILA_Q29,C176,0.385871,64,1
AILA_Q29,C1739,0.385835,65,0
AILA_Q29,C1956,0.38582,66,0
AILA_Q29,C39,0.38581,67,1
AILA_Q29,C2502,0.385703,68,0
AILA_Q29,C790,0.385035,69,0
AILA_Q29,C4,0.383425,70,1
AILA_Q30,C379,0.409337,1,0
AILA_Q30,C80,0.407983,2,1
AILA_Q30,C1536,0.400441,3,0
AILA_Q30,C910,0.400413,4,0
AILA_Q30,C431,0.399165,5,0
AILA_Q30,C154,0.398883,6,1
AILA_Q30,C567,0.397582,7,0
AILA_Q30,C833,0.397513,8,0
AILA_Q30,C1882,0.396968,9,0
AILA_Q30,C56,0.396259,10,1
AILA_Q30,C148,0.395987,11,1
AILA_Q30,C1190,0.395008,12,0
AILA_Q30,C1614,0.394764,13,0
AILA_Q30,C354,0.394247,14,0
AILA_Q30,C453,0.394172,15,0
AILA_Q30,C167,0.394107,16,1
AILA_Q30,C619,0.393928,17,0
AILA_Q30,C2851,0.39367,18,0
AILA_Q30,C123,0.39355,19,1
AILA_Q30,C655,0.393035,20,0
AILA_Q30,C1597,0.392942,21,0
AILA_Q30,C768,0.392807,22,0
AILA_Q30,C2354,0.392788,23,0
AILA_Q30,C97,0.392616,24,1
AILA_Q30,C107,0.391707,25,1
AILA_Q30,C2340,0.391667,26,0
AILA_Q30,C1213,0.391577,27,0
AILA_Q30,C2538,0.391495,28,0
AILA_Q30,C930,0.391333,29,0
AILA_Q30,C2764,0.391315,30,0
AILA_Q30,C744,0.391067,31,0
AILA_Q30,C137,0.390922,32,1
AILA_Q30,C1904,0.390731,33,0
AILA_Q30,C2745,0.390558,34,0
AILA_Q30,C2751,0.389882,35,0
AILA_Q30,C438,0.389836,36,0
AILA_Q30,C2739,0.389807,37,0
AILA_Q30,C2185,0.389715,38,0
AILA_Q30,C2404,0.389435,39,0
AILA_Q30,C1488,0.389344,40,0
AILA_Q30,C1154,0.388903,41,0
AILA_Q30,C1671,0.388654,42,0
AILA_Q30,C1329,0.388454,43,0
AILA_Q30,C2169,0.388187,44,0
AILA_Q30,C1804,0.387678,45,0
AILA_Q30,C459,0.387165,46,0
AILA_Q30,C318,0.386793,47,0
AILA_Q30,C2480,0.386785,48,0
AILA_Q30,C1183,0.386444,49,0
AILA_Q30,C939,0.386257,50,0
AILA_Q30,C83,0.385881,51,1
AILA_Q30,C790,0.385737,52,0
AILA_Q30,C1193,0.385342,53,0
AILA_Q30,C2135,0.385271,54,0
AILA_Q30,C1818,0.383216,55,0
AILA_Q31,C2078,0.398866,1,0
AILA_Q31,C986,0.39507,2,0
AILA_Q31,C1789,0.39452,3,0
AILA_Q31,C2051,0.394445,4,0
AILA_Q31,C1199,0.394026,5,0
AILA_Q31,C2339,0.39257,6,0
AILA_Q31,C2464,0.392035,7,0
AILA_Q31,C2363,0.390977,8,0
AILA_Q31,C1309,0.390486,9,0
AILA_Q31,C2546,0.390464,10,0
AILA_Q31,C478,0.390287,11,0
AILA_Q31,C2504,0.389776,12,0
AILA_Q31,C1847,0.389747,13,0
AILA_Q31,C2220,0.389595,14,0
AILA_Q31,C1932,0.389526,15,0
AILA_Q31,C377,0.389233,16,0
AILA_Q31,C1786,0.388723,17,0
AILA_Q31,C2551,0.388703,18,0
AILA_Q31,C2340,0.388115,19,0
AILA_Q31,C1242,0.388083,20,0
AILA_Q31,C2894,0.388007,21,0
AILA_Q31,C919,0.38782,22,0
AILA_Q31,C1262,0.387486,23,0
AILA_Q31,C2116,0.387448,24,0
AILA_Q31,C2848,0.386986,25,0
AILA_Q31,C65,0.386952,26,1
AILA_Q31,C2297,0.386881,27,0
AILA_Q31,C237,0.386751,28,0
AILA_Q31,C1550,0.386609,29,0
AILA_Q31,C1906,0.38657,30,0
AILA_Q31,C392,0.386411,31,0
AILA_Q31,C2563,0.386384,32,0
AILA_Q31,C528,0.385745,33,0
AILA_Q31,C328,0.385649,34,0
AILA_Q31,C2578,0.385511,35,0
AILA_Q31,C480,0.385482,36,0
AILA_Q31,C987,0.385459,37,0
AILA_Q31,C2708,0.385275,38,0
AILA_Q31,C427,0.384927,39,0
AILA_Q31,C968,0.384866,40,0
AILA_Q31,C1593,0.384817,41,0
AILA_Q31,C636,0.384675,42,0
AILA_Q31,C93,0.383784,43,1
AILA_Q31,C2763,0.383639,44,0
AILA_Q31,C285,0.38329,45,0
AILA_Q31,C2459,0.382235,46,0
AILA_Q31,C1032,0.381046,47,0
AILA_Q31,C2237,0.381026,48,0
AILA_Q31,C1091,0.380639,49,0
AILA_Q31,C1881,0.379658,50,0
AILA_Q32,C2519,0.400998,1,0
AILA_Q32,C1110,0.394807,2,0
AILA_Q32,C657,0.394799,3,0
AILA_Q32,C705,0.394477,4,0
AILA_Q32,C2648,0.394424,5,0
AILA_Q32,C719,0.39369,6,0
AILA_Q32,C1882,0.39354,7,0
AILA_Q32,C760,0.39287,8,0
AILA_Q32,C1550,0.392816,9,0
AILA_Q32,C1846,0.392448,10,0
AILA_Q32,C2482,0.392262,11,0
AILA_Q32,C1703,0.392036,12,0
AILA_Q32,C1570,0.392029,13,0
AILA_Q32,C1648,0.391328,14,0
AILA_Q32,C2128,0.391196,15,0
AILA_Q32,C1262,0.390982,16,0
AILA_Q32,C669,0.390608,17,0
AILA_Q32,C1601,0.390581,18,0
AILA_Q32,C1932,0.390291,19,0
AILA_Q32,C2340,0.390262,20,0
AILA_Q32,C1000,0.389674,21,0
AILA_Q32,C1828,0.389398,22,0
AILA_Q32,C1941,0.389312,23,0
AILA_Q32,C2607,0.389076,24,0
AILA_Q32,C1167,0.388855,25,0
AILA_Q32,C1151,0.388469,26,0
AILA_Q32,C701,0.388324,27,0
AILA_Q32,C1524,0.388202,28,0
AILA_Q32,C924,0.388072,29,0
AILA_Q32,C94,0.387837,30,1
AILA_Q32,C1802,0.387691,31,0
AILA_Q32,C1522,0.387565,32,0
AILA_Q32,C905,0.387489,33,0
AILA_Q32,C468,0.38715,34,0
AILA_Q32,C2267,0.387147,35,0
AILA_Q32,C1302,0.387122,36,0
AILA_Q32,C1438,0.386972,37,0
AILA_Q32,C122,0.386676,38,1
AILA_Q32,C739,0.38657,39,0
AILA_Q32,C1619,0.386557,40,0
AILA_Q32,C1769,0.386531,41,0
AILA_Q32,C164,0.386344,42,1
AILA_Q32,C1821,0.386244,43,0
AILA_Q32,C636,0.385939,44,0
AILA_Q32,C2163,0.385775,45,0
AILA_Q32,C923,0.385354,46,0
AILA_Q32,C2525,0.385301,47,0
AILA_Q32,C1902,0.385118,48,0
AILA_Q32,C1379,0.384828,49,0
AILA_Q32,C1957,0.383769,50,0
AILA_Q32,C925,0.383375,51,0
AILA_Q32,C2237,0.383278,52,0
AILA_Q32,C2283,0.382263,53,0
AILA_Q33,C677,0.396635,1,0
AILA_Q33,C186,0.39632,2,1
AILA_Q33,C152,0.393185,3,0
AILA_Q33,C2090,0.388019,4,0
AILA_Q33,C1483,0.387755,5,0
AILA_Q33,C1738,0.387169,6,0
AILA_Q33,C236,0.386851,7,0
AILA_Q33,C1433,0.385819,8,0
AILA_Q33,C1667,0.385555,9,0
AILA_Q33,C141,0.38515,10,0
AILA_Q33,C2777,0.38514,11,0
AILA_Q33,C1764,0.384744,12,0
AILA_Q33,C552,0.384068,13,0
AILA_Q33,C1932,0.383947,14,0
AILA_Q33,C1663,0.38387,15,0
AILA_Q33,C2611,0.383816,16,0
AILA_Q33,C1830,0.383705,17,0
AILA_Q33,C2798,0.383699,18,0
AILA_Q33,C1848,0.38358,19,0
AILA_Q33,C2853,0.383565,20,0
AILA_Q33,C1115,0.383455,21,0
AILA_Q33,C2371,0.383383,22,0
AILA_Q33,C963,0.383029,23,0
AILA_Q33,C2195,0.383007,24,0
AILA_Q33,C1887,0.382737,25,0
AILA_Q33,C1210,0.382719,26,0
AILA_Q33,C2328,0.382398,27,0
AILA_Q33,C128,0.381986,28,0
AILA_Q33,C1380,0.381976,29,0
AILA_Q33,C1870,0.381929,30,0
AILA_Q33,C1461,0.38168,31,0
AILA_Q33,C2113,0.381588,32,0
AILA_Q33,C1871,0.381588,33,0
AILA_Q33,C1630,0.381525,34,0
AILA_Q33,C1200,0.381295,35,0
AILA_Q33,C2148,0.381166,36,0
AILA_Q33,C2106,0.381031,37,0
AILA_Q33,C305,0.380978,38,0
AILA_Q33,C796,0.38061,39,0
AILA_Q33,C2491,0.380512,40,0
AILA_Q33,C1397,0.38043,41,0
AILA_Q33,C95,0.380249,42,0
AILA_Q33,C39,0.379945,43,0
AILA_Q33,C2365,0.379559,44,0
AILA_Q33,C1660,0.37915,45,0
AILA_Q33,C1352,0.378981,46,0
AILA_Q33,C839,0.378792,47,0
AILA_Q33,C2760,0.37853,48,0
AILA_Q33,C1091,0.377602,49,0
AILA_Q33,C1811,0.376988,50,0
AILA_Q34,C1435,0.394813,1,0
AILA_Q34,C151,0.39362,2,0
AILA_Q34,C181,0.392677,3,1
AILA_Q34,C165,0.392665,4,1
AILA_Q34,C852,0.391799,5,0
AILA_Q34,C258,0.391083,6,0
AILA_Q34,C1508,0.391019,7,0
AILA_Q34,C2777,0.390912,8,0
AILA_Q34,C143,0.390684,9,1
AILA_Q34,C1267,0.390414,10,0
AILA_Q34,C1668,0.390104,11,0
AILA_Q34,C1754,0.389721,12,0
AILA_Q34,C1115,0.389518,13,0
AILA_Q34,C191,0.389408,14,0
AILA_Q34,C33,0.389292,15,1
AILA_Q34,C2418,0.389238,16,0
AILA_Q34,C129,0.389006,17,1
AILA_Q34,C85,0.388925,18,1
AILA_Q34,C745,0.388903,19,0
AILA_Q34,C2612,0.388671,20,0
AILA_Q34,C72,0.388537,21,1
AILA_Q34,C158,0.388514,22,0
AILA_Q34,C2611,0.388467,23,0
AILA_Q34,C1667,0.388128,24,0
AILA_Q34,C1306,0.388081,25,0
AILA_Q34,C1677,0.387797,26,0
AILA_Q34,C341,0.387586,27,0
AILA_Q34,C114,0.387501,28,0
AILA_Q34,C1092,0.387443,29,0
AILA_Q34,C2339,0.387396,30,0
AILA_Q34,C1304,0.387299,31,0
AILA_Q34,C141,0.387187,32,0
AILA_Q34,C1663,0.386679,33,0
AILA_Q34,C13,0.38654,34,1
AILA_Q34,C2094,0.386504,35,0
AILA_Q34,C25,0.385925,36,1
AILA_Q34,C523,0.385884,37,0
AILA_Q34,C747,0.385872,38,0
AILA_Q34,C1598,0.385677,39,0
AILA_Q34,C105,0.385536,40,0
AILA_Q34,C162,0.385474,41,0
AILA_Q34,C49,0.385431,42,1
AILA_Q34,C2282,0.385389,43,0
AILA_Q34,C126,0.385243,44,1
AILA_Q34,C391,0.385053,45,0
AILA_Q34,C551,0.385047,46,0
AILA_Q34,C1100,0.384947,47,0
AILA_Q34,C1887,0.384809,48,0
AILA_Q34,C1210,0.384807,49,0
AILA_Q34,C1382,0.384628,50,0
AILA_Q34,C331,0.384545,51,0
AILA_Q34,C69,0.384368,52,1
AILA_Q34,C2565,0.384159,53,0
AILA_Q34,C1478,0.383481,54,0
AILA_Q34,C2874,0.383344,55,0
AILA_Q34,C2490,0.382965,56,0
AILA_Q34,C1407,0.380513,57,0
AILA_Q34,C3,0.380086,58,1
AILA_Q34,C678,0.380045,59,0
AILA_Q35,C184,0.394816,1,1
AILA_Q35,C1943,0.394288,2,0
AILA_Q35,C1110,0.393515,3,0
AILA_Q35,C892,0.391583,4,0
AILA_Q35,C1417,0.391558,5,0
AILA_Q35,C31,0.391419,6,1
AILA_Q35,C351,0.390897,7,0
AILA_Q35,C178,0.390829,8,0
AILA_Q35,C2340,0.390659,9,0
AILA_Q35,C1570,0.390607,10,0
AILA_Q35,C1550,0.390582,11,0
AILA_Q35,C1932,0.390408,12,0
AILA_Q35,C1339,0.389915,13,0
AILA_Q35,C2505,0.389547,14,0
AILA_Q35,C2607,0.389488,15,0
AILA_Q35,C1869,0.389199,16,0
AILA_Q35,C1262,0.388498,17,0
AILA_Q35,C1529,0.38833,18,0
AILA_Q35,C1941,0.388257,19,0
AILA_Q35,C137,0.388019,20,0
AILA_Q35,C211,0.387805,21,0
AILA_Q35,C1605,0.387677,22,0
AILA_Q35,C1522,0.387598,23,0
AILA_Q35,C71,0.387135,24,0
AILA_Q35,C2267,0.386947,25,0
AILA_Q35,C1619,0.38666,26,0
AILA_Q35,C2911,0.386456,27,0
AILA_Q35,C1448,0.386216,28,0
AILA_Q35,C402,0.386138,29,0
AILA_Q35,C1189,0.38606,30,0
AILA_Q35,C1744,0.385947,31,0
AILA_Q35,C2081,0.385094,32,0
AILA_Q35,C1962,0.384912,33,0
AILA_Q35,C636,0.384822,34,0
AILA_Q35,C444,0.384598,35,0
AILA_Q35,C2163,0.384568,36,0
AILA_Q35,C625,0.384337,37,0
AILA_Q35,C378,0.384224,38,0
AILA_Q35,C1821,0.384132,39,0
AILA_Q35,C1611,0.384094,40,0
AILA_Q35,C449,0.383779,41,0
AILA_Q35,C2362,0.383656,42,0
AILA_Q35,C1344,0.383542,43,0
AILA_Q35,C2222,0.38345,44,0
AILA_Q35,C1379,0.383409,45,0
AILA_Q35,C2451,0.383188,46,0
AILA_Q35,C1496,0.383188,47,0
AILA_Q35,C2167,0.382933,48,0
AILA_Q35,C1739,0.382792,49,0
AILA_Q35,C2237,0.381989,50,0
AILA_Q35,C2443,0.381471,51,0
AILA_Q36,C55,0.419643,1,1
AILA_Q36,C112,0.411345,2,1
AILA_Q36,C867,0.403495,3,0
AILA_Q36,C2659,0.402642,4,0
AILA_Q36,C2582,0.402044,5,0
AILA_Q36,C1287,0.400728,6,0
AILA_Q36,C1301,0.400633,7,0
AILA_Q36,C373,0.398067,8,0
AILA_Q36,C521,0.397951,9,0
AILA_Q36,C160,0.397748,10,1
AILA_Q36,C672,0.397721,11,0
AILA_Q36,C1435,0.397694,12,0
AILA_Q36,C258,0.397495,13,0
AILA_Q36,C1081,0.397342,14,0
AILA_Q36,C1483,0.397335,15,0
AILA_Q36,C1084,0.396381,16,0
AILA_Q36,C552,0.396166,17,0
AILA_Q36,C2630,0.395938,18,0
AILA_Q36,C2865,0.395431,19,0
AILA_Q36,C2336,0.394744,20,0
AILA_Q36,C2464,0.39469,21,0
AILA_Q36,C37,0.394452,22,1
AILA_Q36,C2605,0.393949,23,0
AILA_Q36,C172,0.393837,24,1
AILA_Q36,C405,0.393562,25,0
AILA_Q36,C2032,0.393277,26,0
AILA_Q36,C862,0.393155,27,0
AILA_Q36,C1226,0.392745,28,0
AILA_Q36,C2665,0.392409,29,0
AILA_Q36,C1946,0.392239,30,0
AILA_Q36,C1544,0.391859,31,0
AILA_Q36,C941,0.391758,32,0
AILA_Q36,C57,0.391664,33,1
AILA_Q36,C2786,0.390345,34,0
AILA_Q36,C798,0.3901,35,0
AILA_Q36,C877,0.390078,36,0
AILA_Q36,C994,0.390013,37,0
AILA_Q36,C919,0.389971,38,0
AILA_Q36,C2436,0.389925,39,0
AILA_Q36,C316,0.389609,40,0
AILA_Q36,C497,0.388568,41,0
AILA_Q36,C1088,0.388156,42,0
AILA_Q36,C190,0.388087,43,0
AILA_Q36,C48,0.388038,44,0
AILA_Q36,C842,0.387994,45,0
AILA_Q36,C2794,0.387675,46,0
AILA_Q36,C1682,0.387619,47,0
AILA_Q36,C15,0.387241,48,0
AILA_Q36,C809,0.386862,49,0
AILA_Q36,C1405,0.38582,50,0
AILA_Q36,C1032,0.384772,51,0
AILA_Q36,C1956,0.382529,52,0
AILA_Q37,C719,0.392712,1,0
AILA_Q37,C1570,0.392035,2,0
AILA_Q37,C2853,0.391945,3,0
AILA_Q37,C1170,0.391747,4,0
AILA_Q37,C1932,0.391519,5,0
AILA_Q37,C1048,0.391329,6,0
AILA_Q37,C2340,0.39096,7,0
AILA_Q37,C2607,0.390862,8,0
AILA_Q37,C669,0.390852,9,0
AILA_Q37,C1110,0.390791,10,0
AILA_Q37,C2417,0.390662,11,0
AILA_Q37,C2635,0.389678,12,0
AILA_Q37,C178,0.389259,13,1
AILA_Q37,C1796,0.388561,14,0
AILA_Q37,C1550,0.387838,15,0
AILA_Q37,C2267,0.38779,16,0
AILA_Q37,C2196,0.387748,17,0
AILA_Q37,C1262,0.387735,18,0
AILA_Q37,C269,0.387415,19,0
AILA_Q37,C1317,0.387108,20,0
AILA_Q37,C787,0.386989,21,0
AILA_Q37,C1729,0.386871,22,0
AILA_Q37,C1941,0.386758,23,0
AILA_Q37,C2789,0.386335,24,0
AILA_Q37,C636,0.385347,25,0
AILA_Q37,C1217,0.385175,26,0
AILA_Q37,C71,0.385095,27,1
AILA_Q37,C387,0.385045,28,0
AILA_Q37,C1297,0.384821,29,0
AILA_Q37,C2310,0.384748,30,0
AILA_Q37,C2163,0.384469,31,0
AILA_Q37,C2288,0.384177,32,0
AILA_Q37,C1282,0.384034,33,0
AILA_Q37,C1538,0.383868,34,0
AILA_Q37,C1189,0.383782,35,0
AILA_Q37,C2222,0.383697,36,0
AILA_Q37,C1344,0.383545,37,0
AILA_Q37,C1611,0.383412,38,0
AILA_Q37,C1821,0.383285,39,0
AILA_Q37,C1156,0.383225,40,0
AILA_Q37,C1739,0.383101,41,0
AILA_Q37,C625,0.383087,42,0
AILA_Q37,C18,0.382856,43,1
AILA_Q37,C370,0.382535,44,0
AILA_Q37,C430,0.382224,45,0
AILA_Q37,C2636,0.382072,46,0
AILA_Q37,C1379,0.38206,47,0
AILA_Q37,C2099,0.381931,48,0
AILA_Q37,C2167,0.381755,49,0
AILA_Q37,C2237,0.381329,50,0
AILA_Q37,C2000,0.380958,51,0
AILA_Q37,C2443,0.379458,52,0
AILA_Q37,C2283,0.378764,53,0
AILA_Q38,C1665,0.422107,1,0
AILA_Q38,C2200,0.418322,2,0
AILA_Q38,C467,0.413917,3,0
AILA_Q38,C2078,0.41202,4,0
AILA_Q38,C2387,0.411574,5,0
AILA_Q38,C1747,0.411566,6,0
AILA_Q38,C2347,0.411499,7,0
AILA_Q38,C2884,0.411193,8,0
AILA_Q38,C1319,0.410873,9,0
AILA_Q38,C1582,0.410075,10,0
AILA_Q38,C2322,0.410055,11,0
AILA_Q38,C101,0.409693,12,1
AILA_Q38,C2211,0.409685,13,0
AILA_Q38,C152,0.4094,14,0
AILA_Q38,C1588,0.409234,15,0
AILA_Q38,C103,0.408941,16,0
AILA_Q38,C1819,0.408886,17,0
AILA_Q38,C2334,0.408763,18,0
AILA_Q38,C414,0.408359,19,0
AILA_Q38,C1336,0.408255,20,0
AILA_Q38,C277,0.408177,21,0
AILA_Q38,C1839,0.407691,22,0
AILA_Q38,C1160,0.407369,23,0
AILA_Q38,C177,0.407274,24,1
AILA_Q38,C110,0.406964,25,1
AILA_Q38,C1138,0.406798,26,0
AILA_Q38,C1044,0.406775,27,0
AILA_Q38,C639,0.406751,28,0
AILA_Q38,C1945,0.406617,29,0
AILA_Q38,C2849,0.406408,30,0
AILA_Q38,C294,0.406141,31,0
AILA_Q38,C2230,0.406103,32,0
AILA_Q38,C246,0.406031,33,0
AILA_Q38,C1162,0.405998,34,0
AILA_Q38,C2572,0.40583,35,0
AILA_Q38,C92,0.405583,36,0
AILA_Q38,C2463,0.405508,37,0
AILA_Q38,C70,0.405464,38,1
AILA_Q38,C1084,0.40543,39,0
AILA_Q38,C2241,0.405308,40,0
AILA_Q38,C149,0.404703,41,1
AILA_Q38,C877,0.404673,42,0
AILA_Q38,C2848,0.404409,43,0
AILA_Q38,C1593,0.403502,44,0
AILA_Q38,C2111,0.403316,45,0
AILA_Q38,C2748,0.401994,46,0
AILA_Q38,C842,0.401944,47,0
AILA_Q38,C1221,0.401102,48,0
AILA_Q38,C1741,0.400768,49,0
AILA_Q38,C1147,0.400216,50,0
AILA_Q38,C2567,0.40014,51,0
AILA_Q38,C1132,0.399945,52,0
AILA_Q38,C253,0.399888,53,0
AILA_Q38,C2711,0.39913,54,0
AILA_Q38,C1019,0.398765,55,0
AILA_Q39,C2397,0.401666,1,0
AILA_Q39,C1296,0.399831,2,0
AILA_Q39,C1587,0.39951,3,0
AILA_Q39,C2904,0.398468,4,0
AILA_Q39,C2406,0.398223,5,0
AILA_Q39,C746,0.397955,6,0
AILA_Q39,C1021,0.395432,7,0
AILA_Q39,C2548,0.394778,8,0
AILA_Q39,C2156,0.394444,9,0
AILA_Q39,C562,0.394207,10,0
AILA_Q39,C169,0.393759,11,1
AILA_Q39,C1690,0.393735,12,0
AILA_Q39,C617,0.393465,13,0
AILA_Q39,C20,0.393075,14,1
AILA_Q39,C1033,0.393025,15,0
AILA_Q39,C2910,0.392959,16,0
AILA_Q39,C1941,0.392439,17,0
AILA_Q39,C1678,0.391964,18,0
AILA_Q39,C146,0.39171,19,1
AILA_Q39,C2340,0.391691,20,0
AILA_Q39,C960,0.391473,21,0
AILA_Q39,C1262,0.390909,22,0
AILA_Q39,C187,0.390848,23,1
AILA_Q39,C428,0.390633,24,0
AILA_Q39,C2863,0.39054,25,0
AILA_Q39,C884,0.390428,26,0
AILA_Q39,C43,0.39038,27,1
AILA_Q39,C776,0.390319,28,0
AILA_Q39,C128,0.390245,29,1
AILA_Q39,C2769,0.390182,30,0
AILA_Q39,C1355,0.389912,31,0
AILA_Q39,C2398,0.38935,32,0
AILA_Q39,C53,0.389131,33,1
AILA_Q39,C564,0.388776,34,0
AILA_Q39,C2390,0.388475,35,0
AILA_Q39,C119,0.388398,36,1
AILA_Q39,C1998,0.388058,37,0
AILA_Q39,C104,0.387892,38,1
AILA_Q39,C1257,0.387663,39,0
AILA_Q39,C661,0.387651,40,0
AILA_Q39,C1526,0.387326,41,0
AILA_Q39,C2240,0.387132,42,0
AILA_Q39,C1311,0.387056,43,0
AILA_Q39,C95,0.386607,44,1
AILA_Q39,C753,0.386568,45,0
AILA_Q39,C1695,0.386562,46,0
AILA_Q39,C16,0.386432,47,1
AILA_Q39,C12,0.386339,48,1
AILA_Q39,C1654,0.386239,49,0
AILA_Q39,C1163,0.38601,50,0
AILA_Q39,C2512,0.385552,51,0
AILA_Q39,C2237,0.385421,52,0
AILA_Q39,C83,0.385023,53,0
AILA_Q39,C1359,0.384686,54,0
AILA_Q39,C1897,0.384211,55,0
AILA_Q39,C1513,0.38395,56,0
AILA_Q39,C2428,0.383803,57,0
AILA_Q39,C459,0.38347,58,0
AILA_Q39,C1842,0.38346,59,0
AILA_Q39,C2738,0.382376,60,0
AILA_Q40,C2200,0.413529,1,0
AILA_Q40,C1924,0.412895,2,0
AILA_Q40,C135,0.411632,3,1
AILA_Q40,C1661,0.41054,4,0
AILA_Q40,C2272,0.409141,5,0
AILA_Q40,C1751,0.408609,6,0
AILA_Q40,C2805,0.406472,7,0
AILA_Q40,C1475,0.402967,8,0
AILA_Q40,C2456,0.402804,9,0
AILA_Q40,C1241,0.401418,10,0
AILA_Q40,C484,0.400987,11,0
AILA_Q40,C811,0.400263,12,0
AILA_Q40,C859,0.400169,13,0
AILA_Q40,C1222,0.399798,14,0
AILA_Q40,C637,0.399642,15,0
AILA_Q40,C2359,0.399625,16,0
AILA_Q40,C243,0.399427,17,0
AILA_Q40,C461,0.399426,18,0
AILA_Q40,C1577,0.398803,19,0
AILA_Q40,C1318,0.397589,20,0
AILA_Q40,C814,0.397511,21,0
AILA_Q40,C1554,0.39743,22,0
AILA_Q40,C111,0.397291,23,1
AILA_Q40,C615,0.39662,24,0
AILA_Q40,C2011,0.396455,25,0
AILA_Q40,C1084,0.396199,26,0
AILA_Q40,C2501,0.395471,27,0
AILA_Q40,C2439,0.395464,28,0
AILA_Q40,C2865,0.39491,29,0
AILA_Q40,C2264,0.394715,30,0
AILA_Q40,C868,0.394022,31,0
AILA_Q40,C1414,0.393823,32,0
AILA_Q40,C332,0.393686,33,0
AILA_Q40,C2273,0.39342,34,0
AILA_Q40,C2441,0.393395,35,0
AILA_Q40,C386,0.393238,36,0
AILA_Q40,C656,0.393066,37,0
AILA_Q40,C906,0.391891,38,0
AILA_Q40,C981,0.391793,39,0
AILA_Q40,C731,0.391752,40,0
AILA_Q40,C704,0.391413,41,0
AILA_Q40,C2521,0.390365,42,0
AILA_Q40,C1067,0.38989,43,0
AILA_Q40,C1275,0.389343,44,0
AILA_Q40,C1089,0.388948,45,0
AILA_Q40,C1280,0.388455,46,0
AILA_Q40,C2660,0.387799,47,0
AILA_Q40,C497,0.386292,48,0
AILA_Q40,C1258,0.386291,49,0
AILA_Q40,C1501,0.382141,50,0
AILA_Q41,C813,0.396363,1,0
AILA_Q41,C1536,0.396305,2,0
AILA_Q41,C35,0.396126,3,1
AILA_Q41,C892,0.393029,4,0
AILA_Q41,C1846,0.392981,5,0
AILA_Q41,C1328,0.392631,6,0
AILA_Q41,C1243,0.392337,7,0
AILA_Q41,C1932,0.392074,8,0
AILA_Q41,C2210,0.391943,9,0
AILA_Q41,C1570,0.391582,10,0
AILA_Q41,C2607,0.391214,11,0
AILA_Q41,C52,0.390857,12,1
AILA_Q41,C1339,0.390224,13,0
AILA_Q41,C578,0.390195,14,0
AILA_Q41,C688,0.38976,15,0
AILA_Q41,C1892,0.389447,16,0
AILA_Q41,C2338,0.389368,17,0
AILA_Q41,C2759,0.389235,18,0
AILA_Q41,C1729,0.38873,19,0
AILA_Q41,C1262,0.388549,20,0
AILA_Q41,C2196,0.388466,21,0
AILA_Q41,C98,0.388134,22,1
AILA_Q41,C1941,0.388121,23,0
AILA_Q41,C2378,0.388022,24,0
AILA_Q41,C2267,0.38787,25,0
AILA_Q41,C701,0.387804,26,0
AILA_Q41,C2498,0.387794,27,0
AILA_Q41,C1578,0.387699,28,0
AILA_Q41,C94,0.38748,29,1
AILA_Q41,C2764,0.387259,30,0
AILA_Q41,C1522,0.387112,31,0
AILA_Q41,C636,0.387076,32,0
AILA_Q41,C269,0.386905,33,0
AILA_Q41,C1962,0.386817,34,0
AILA_Q41,C1297,0.386526,35,0
AILA_Q41,C96,0.386041,36,1
AILA_Q41,C642,0.385882,37,0
AILA_Q41,C1619,0.385678,38,0
AILA_Q41,C1821,0.385339,39,0
AILA_Q41,C1151,0.385336,40,0
AILA_Q41,C1073,0.385327,41,0
AILA_Q41,C2682,0.385125,42,0
AILA_Q41,C2163,0.385111,43,0
AILA_Q41,C1440,0.385101,44,0
AILA_Q41,C378,0.384706,45,0
AILA_Q41,C1282,0.384367,46,0
AILA_Q41,C786,0.384285,47,0
AILA_Q41,C444,0.384083,48,0
AILA_Q41,C1621,0.383835,49,0
AILA_Q41,C1344,0.383578,50,0
AILA_Q41,C1379,0.383573,51,0
AILA_Q41,C2222,0.383192,52,0
AILA_Q41,C2099,0.382931,53,0
AILA_Q41,C1189,0.382854,54,0
AILA_Q41,C2443,0.380499,55,0
AILA_Q42,C1643,0.401118,1,0
AILA_Q42,C677,0.399597,2,0
AILA_Q42,C372,0.394575,3,0
AILA_Q42,C1023,0.392886,4,0
AILA_Q42,C2208,0.389718,5,0
AILA_Q42,C912,0.38924,6,0
AILA_Q42,C710,0.389034,7,0
AILA_Q42,C1640,0.388538,8,0
AILA_Q42,C2,0.388079,9,1
AILA_Q42,C133,0.387441,10,0
AILA_Q42,C103,0.386839,11,1
AILA_Q42,C2611,0.38657,12,0
AILA_Q42,C2546,0.386178,13,0
AILA_Q42,C2818,0.385973,14,0
AILA_Q42,C341,0.385922,15,0
AILA_Q42,C2593,0.385847,16,0
AILA_Q42,C545,0.38556,17,0
AILA_Q42,C2799,0.385466,18,0
AILA_Q42,C2854,0.385286,19,0
AILA_Q42,C2220,0.384911,20,0
AILA_Q42,C2031,0.384832,21,0
AILA_Q42,C877,0.384832,22,0
AILA_Q42,C377,0.384304,23,0
AILA_Q42,C2894,0.384114,24,0
AILA_Q42,C805,0.384099,25,0
AILA_Q42,C2563,0.383772,26,0
AILA_Q42,C2302,0.383763,27,0
AILA_Q42,C965,0.383616,28,0
AILA_Q42,C391,0.3834,29,0
AILA_Q42,C150,0.383252,30,1
AILA_Q42,C81,0.383211,31,1
AILA_Q42,C2726,0.383198,32,0
AILA_Q42,C2318,0.382499,33,0
AILA_Q42,C1670,0.382287,34,0
AILA_Q42,C1129,0.38186,35,0
AILA_Q42,C285,0.381533,36,0
AILA_Q42,C676,0.381486,37,0
AILA_Q42,C1771,0.381418,38,0
AILA_Q42,C2585,0.381291,39,0
AILA_Q42,C2121,0.381,40,0
AILA_Q42,C2794,0.380983,41,0
AILA_Q42,C2393,0.38077,42,0
AILA_Q42,C1660,0.380403,43,0
AILA_Q42,C2467,0.380016,44,0
AILA_Q42,C425,0.379785,45,0
AILA_Q42,C427,0.379549,46,0
AILA_Q42,C1114,0.379449,47,0
AILA_Q42,C483,0.379327,48,0
AILA_Q42,C1032,0.379169,49,0
AILA_Q42,C2747,0.378941,50,0
AILA_Q42,C1633,0.378108,51,0
AILA_Q42,C2154,0.377966,52,0
AILA_Q43,C542,0.401123,1,0
AILA_Q43,C1728,0.397829,2,0
AILA_Q43,C2208,0.395072,3,0
AILA_Q43,C1668,0.39502,4,0
AILA_Q43,C151,0.394999,5,1
AILA_Q43,C1640,0.394721,6,0
AILA_Q43,C745,0.394441,7,0
AILA_Q43,C1267,0.39321,8,0
AILA_Q43,C431,0.3929,9,0
AILA_Q43,C1882,0.392706,10,0
AILA_Q43,C2520,0.392526,11,0
AILA_Q43,C908,0.392055,12,0
AILA_Q43,C833,0.3919,13,0
AILA_Q43,C1847,0.391459,14,0
AILA_Q43,C545,0.391403,15,0
AILA_Q43,C1393,0.391218,16,0
AILA_Q43,C2373,0.390784,17,0
AILA_Q43,C1107,0.390567,18,0
AILA_Q43,C1026,0.390305,19,0
AILA_Q43,C157,0.390036,20,1
AILA_Q43,C1346,0.39003,21,0
AILA_Q43,C158,0.389536,22,1
AILA_Q43,C1321,0.38912,23,0
AILA_Q43,C1906,0.388668,24,0
AILA_Q43,C1670,0.388559,25,0
AILA_Q43,C2791,0.388554,26,0
AILA_Q43,C2047,0.388426,27,0
AILA_Q43,C2726,0.388386,28,0
AILA_Q43,C2538,0.388372,29,0
AILA_Q43,C1771,0.388234,30,0
AILA_Q43,C744,0.388006,31,0
AILA_Q43,C2794,0.387957,32,0
AILA_Q43,C2804,0.387923,33,0
AILA_Q43,C1591,0.387631,34,0
AILA_Q43,C1129,0.387253,35,0
AILA_Q43,C2404,0.386528,36,0
AILA_Q43,C2708,0.386153,37,0
AILA_Q43,C636,0.385747,38,0
AILA_Q43,C2490,0.385637,39,0
AILA_Q43,C1942,0.385569,40,0
AILA_Q43,C2585,0.385401,41,0
AILA_Q43,C712,0.385311,42,0
AILA_Q43,C2121,0.385297,43,0
AILA_Q43,C344,0.385226,44,0
AILA_Q43,C2467,0.384897,45,0
AILA_Q43,C2862,0.384838,46,0
AILA_Q43,C1439,0.3845,47,0
AILA_Q43,C2095,0.383676,48,0
AILA_Q43,C2747,0.383592,49,0
AILA_Q43,C631,0.383549,50,0
AILA_Q43,C210,0.383365,51,0
AILA_Q43,C605,0.383131,52,0
AILA_Q44,C2876,0.401557,1,0
AILA_Q44,C141,0.400016,2,0
AILA_Q44,C936,0.399606,3,0
AILA_Q44,C1530,0.398768,4,0
AILA_Q44,C2418,0.398566,5,0
AILA_Q44,C2051,0.398002,6,0
AILA_Q44,C1667,0.397775,7,0
AILA_Q44,C1681,0.397353,8,0
AILA_Q44,C545,0.397179,9,0
AILA_Q44,C33,0.39658,10,0
AILA_Q44,C2811,0.395607,11,0
AILA_Q44,C1663,0.395512,12,0
AILA_Q44,C1433,0.395409,13,0
AILA_Q44,C1946,0.395401,14,0
AILA_Q44,C1210,0.395371,15,0
AILA_Q44,C117,0.395332,16,1
AILA_Q44,C7,0.395159,17,1
AILA_Q44,C2297,0.394944,18,0
AILA_Q44,C1304,0.394734,19,0
AILA_Q44,C2885,0.394716,20,0
AILA_Q44,C64,0.39453,21,1
AILA_Q44,C750,0.394433,22,0
AILA_Q44,C1847,0.394251,23,0
AILA_Q44,C914,0.394047,24,0
AILA_Q44,C2278,0.394018,25,0
AILA_Q44,C61,0.393952,26,1
AILA_Q44,C1918,0.393808,27,0
AILA_Q44,C2894,0.393595,28,0
AILA_Q44,C2195,0.393582,29,0
AILA_Q44,C963,0.393235,30,0
AILA_Q44,C81,0.393121,31,0
AILA_Q44,C109,0.392696,32,1
AILA_Q44,C1591,0.392158,33,0
AILA_Q44,C2831,0.392141,34,0
AILA_Q44,C1593,0.391875,35,0
AILA_Q44,C480,0.391857,36,0
AILA_Q44,C2576,0.391829,37,0
AILA_Q44,C1129,0.39182,38,0
AILA_Q44,C2277,0.391702,39,0
AILA_Q44,C1248,0.391253,40,0
AILA_Q44,C45,0.39119,41,1
AILA_Q44,C987,0.391028,42,0
AILA_Q44,C2393,0.390953,43,0
AILA_Q44,C1887,0.390736,44,0
AILA_Q44,C2874,0.390646,45,0
AILA_Q44,C93,0.390506,46,0
AILA_Q44,C1931,0.390079,47,0
AILA_Q44,C899,0.390055,48,0
AILA_Q44,C321,0.389768,49,0
AILA_Q44,C2708,0.389448,50,0
AILA_Q44,C2254,0.389006,51,0
AILA_Q44,C223,0.386051,52,0
AILA_Q45,C1048,0.390185,1,0
AILA_Q45,C1949,0.389744,2,0
AILA_Q45,C2340,0.389579,3,0
AILA_Q45,C719,0.389571,4,0
AILA_Q45,C2715,0.389448,5,0
AILA_Q45,C669,0.389315,6,0
AILA_Q45,C74,0.389249,7,0
AILA_Q45,C1550,0.389243,8,0
AILA_Q45,C1932,0.38869,9,0
AILA_Q45,C840,0.388642,10,0
AILA_Q45,C2687,0.388565,11,0
AILA_Q45,C1274,0.388459,12,0
AILA_Q45,C1941,0.388137,13,0
AILA_Q45,C1783,0.387894,14,0
AILA_Q45,C1166,0.387286,15,0
AILA_Q45,C1262,0.38717,16,0
AILA_Q45,C1099,0.387115,17,0
AILA_Q45,C801,0.387024,18,0
AILA_Q45,C651,0.387001,19,0
AILA_Q45,C280,0.38693,20,0
AILA_Q45,C1264,0.386732,21,0
AILA_Q45,C2338,0.38639,22,0
AILA_Q45,C58,0.386268,23,1
AILA_Q45,C1524,0.386075,24,0
AILA_Q45,C905,0.385806,25,0
AILA_Q45,C526,0.385665,26,0
AILA_Q45,C2678,0.385541,27,0
AILA_Q45,C2395,0.385538,28,0
AILA_Q45,C2590,0.385519,29,0
AILA_Q45,C2267,0.38551,30,0
AILA_Q45,C1729,0.385465,31,0
AILA_Q45,C2239,0.385451,32,0
AILA_Q45,C1297,0.385131,33,0
AILA_Q45,C1189,0.385025,34,0
AILA_Q45,C1548,0.385017,35,0
AILA_Q45,C636,0.384796,36,0
AILA_Q45,C2265,0.384224,37,0
AILA_Q45,C1352,0.383762,38,0
AILA_Q45,C1821,0.383478,39,0
AILA_Q45,C2163,0.38343,40,0
AILA_Q45,C342,0.383326,41,0
AILA_Q45,C565,0.383184,42,0
AILA_Q45,C78,0.383163,43,1
AILA_Q45,C1739,0.383037,44,0
AILA_Q45,C990,0.382086,45,0
AILA_Q45,C1379,0.381977,46,0
AILA_Q45,C1344,0.381966,47,0
AILA_Q45,C1957,0.381671,48,0
AILA_Q45,C2167,0.38166,49,0
AILA_Q45,C430,0.381573,50,0
AILA_Q45,C2237,0.380016,51,0
AILA_Q45,C2808,0.379866,52,0
AILA_Q46,C5,0.396116,1,1
AILA_Q46,C79,0.395622,2,1
AILA_Q46,C746,0.392256,3,0
AILA_Q46,C816,0.391855,4,0
AILA_Q46,C892,0.390593,5,0
AILA_Q46,C2340,0.388896,6,0
AILA_Q46,C2417,0.388552,7,0
AILA_Q46,C1939,0.388542,8,0
AILA_Q46,C669,0.388423,9,0
AILA_Q46,C505,0.388349,10,0
AILA_Q46,C1932,0.388336,11,0
AILA_Q46,C147,0.388002,12,1
AILA_Q46,C590,0.387975,13,0
AILA_Q46,C773,0.387524,14,0
AILA_Q46,C1388,0.386817,15,0
AILA_Q46,C2338,0.386711,16,0
AILA_Q46,C1923,0.386231,17,0
AILA_Q46,C2797,0.386191,18,0
AILA_Q46,C2602,0.386063,19,0
AILA_Q46,C75,0.385825,20,1
AILA_Q46,C1262,0.385655,21,0
AILA_Q46,C1729,0.38514,22,0
AILA_Q46,C170,0.384853,23,1
AILA_Q46,C1550,0.384761,24,0
AILA_Q46,C2824,0.38467,25,0
AILA_Q46,C280,0.384459,26,0
AILA_Q46,C614,0.384381,27,0
AILA_Q46,C1706,0.384354,28,0
AILA_Q46,C824,0.384124,29,0
AILA_Q46,C711,0.384124,30,0
AILA_Q46,C636,0.383911,31,0
AILA_Q46,C47,0.383537,32,1
AILA_Q46,C1958,0.383239,33,0
AILA_Q46,C1154,0.383121,34,0
AILA_Q46,C786,0.383114,35,0
AILA_Q46,C1942,0.383033,36,0
AILA_Q46,C1967,0.382884,37,0
AILA_Q46,C2265,0.382803,38,0
AILA_Q46,C1264,0.382562,39,0
AILA_Q46,C1692,0.382205,40,0
AILA_Q46,C106,0.38211,41,1
AILA_Q46,C1742,0.381722,42,0
AILA_Q46,C2386,0.38172,43,0
AILA_Q46,C1739,0.381704,44,0
AILA_Q46,C59,0.381702,45,1
AILA_Q46,C139,0.381289,46,1
AILA_Q46,C1963,0.381247,47,0
AILA_Q46,C1710,0.381196,48,0
AILA_Q46,C1282,0.381078,49,0
AILA_Q46,C2127,0.380898,50,0
AILA_Q46,C336,0.380596,51,0
AILA_Q46,C1595,0.380284,52,0
AILA_Q46,C2199,0.379831,53,0
AILA_Q46,C2237,0.379758,54,0
AILA_Q46,C1993,0.379491,55,0
AILA_Q46,C2808,0.377807,56,0
AILA_Q47,C813,0.397814,1,0
AILA_Q47,C201,0.393284,2,0
AILA_Q47,C171,0.392265,3,1
AILA_Q47,C1846,0.392131,4,0
AILA_Q47,C2859,0.391723,5,0
AILA_Q47,C2902,0.391693,6,0
AILA_Q47,C2687,0.391522,7,0
AILA_Q47,C1932,0.391431,8,0
AILA_Q47,C2340,0.391355,9,0
AILA_Q47,C1570,0.391061,10,0
AILA_Q47,C2850,0.390847,11,0
AILA_Q47,C1529,0.390803,12,0
AILA_Q47,C2759,0.390284,13,0
AILA_Q47,C1941,0.39012,14,0
AILA_Q47,C701,0.389682,15,0
AILA_Q47,C315,0.389598,16,0
AILA_Q47,C2745,0.389596,17,0
AILA_Q47,C220,0.389141,18,0
AILA_Q47,C1000,0.388983,19,0
AILA_Q47,C1262,0.388895,20,0
AILA_Q47,C2437,0.388408,21,0
AILA_Q47,C632,0.388391,22,0
AILA_Q47,C1729,0.388295,23,0
AILA_Q47,C2538,0.388234,24,0
AILA_Q47,C1550,0.387843,25,0
AILA_Q47,C2209,0.387607,26,0
AILA_Q47,C2232,0.387421,27,0
AILA_Q47,C2764,0.387305,28,0
AILA_Q47,C1524,0.387027,29,0
AILA_Q47,C636,0.386721,30,0
AILA_Q47,C2267,0.386643,31,0
AILA_Q47,C402,0.386533,32,0
AILA_Q47,C508,0.386454,33,0
AILA_Q47,C1578,0.386358,34,0
AILA_Q47,C2123,0.386071,35,0
AILA_Q47,C211,0.386022,36,0
AILA_Q47,C1373,0.385868,37,0
AILA_Q47,C1933,0.385853,38,0
AILA_Q47,C801,0.385845,39,0
AILA_Q47,C1488,0.38583,40,0
AILA_Q47,C1352,0.385797,41,0
AILA_Q47,C1053,0.385199,42,0
AILA_Q47,C753,0.385115,43,0
AILA_Q47,C1621,0.384909,44,0
AILA_Q47,C378,0.384841,45,0
AILA_Q47,C1654,0.38447,46,0
AILA_Q47,C1739,0.384262,47,0
AILA_Q47,C2335,0.384181,48,0
AILA_Q47,C1611,0.383713,49,0
AILA_Q47,C1513,0.381914,50,0
AILA_Q47,C2000,0.381443,51,0
AILA_Q48,C677,0.402401,1,0
AILA_Q48,C852,0.395246,2,0
AILA_Q48,C420,0.394768,3,0
AILA_Q48,C1667,0.394037,4,0
AILA_Q48,C1449,0.393691,5,0
AILA_Q48,C141,0.392622,6,1
AILA_Q48,C2782,0.391992,7,0
AILA_Q48,C1953,0.391824,8,0
AILA_Q48,C2815,0.39165,9,0
AILA_Q48,C2418,0.391401,10,0
AILA_Q48,C2546,0.390907,11,0
AILA_Q48,C1107,0.390873,12,0
AILA_Q48,C1843,0.390575,13,0
AILA_Q48,C2230,0.390367,14,0
AILA_Q48,C914,0.389583,15,0
AILA_Q48,C2527,0.389352,16,0
AILA_Q48,C377,0.389275,17,0
AILA_Q48,C911,0.389217,18,0
AILA_Q48,C2885,0.389189,19,0
AILA_Q48,C1887,0.38915,20,0
AILA_Q48,C2768,0.38907,21,0
AILA_Q48,C237,0.389044,22,0
AILA_Q48,C2894,0.388903,23,0
AILA_Q48,C162,0.388678,24,1
AILA_Q48,C2198,0.388598,25,0
AILA_Q48,C1771,0.388205,26,0
AILA_Q48,C2874,0.388125,27,0
AILA_Q48,C331,0.388001,28,0
AILA_Q48,C805,0.387535,29,0
AILA_Q48,C82,0.387287,30,1
AILA_Q48,C81,0.38695,31,0
AILA_Q48,C21,0.386893,32,1
AILA_Q48,C1377,0.386773,33,0
AILA_Q48,C2848,0.386745,34,0
AILA_Q48,C987,0.386259,35,0
AILA_Q48,C1051,0.385541,36,0
AILA_Q48,C480,0.385502,37,0
AILA_Q48,C2254,0.385363,38,0
AILA_Q48,C321,0.385127,39,0
AILA_Q48,C560,0.384982,40,0
AILA_Q48,C1130,0.384565,41,0
AILA_Q48,C659,0.384527,42,0
AILA_Q48,C2585,0.384262,43,0
AILA_Q48,C1114,0.384038,44,0
AILA_Q48,C968,0.382966,45,0
AILA_Q48,C653,0.382617,46,0
AILA_Q48,C427,0.38246,47,0
AILA_Q48,C1407,0.382184,48,0
AILA_Q48,C425,0.381629,49,0
AILA_Q48,C223,0.377907,50,0
AILA_Q49,C2628,0.401052,1,0
AILA_Q49,C2884,0.39885,2,0
AILA_Q49,C174,0.395644,3,1
AILA_Q49,C794,0.39436,4,0
AILA_Q49,C1483,0.393841,5,0
AILA_Q49,C993,0.392666,6,0
AILA_Q49,C2058,0.391527,7,0
AILA_Q49,C2721,0.391158,8,0
AILA_Q49,C1667,0.389996,9,0
AILA_Q49,C1756,0.389429,10,0
AILA_Q49,C2853,0.38904,11,0
AILA_Q49,C1423,0.388931,12,0
AILA_Q49,C1289,0.388617,13,0
AILA_Q49,C2242,0.388536,14,0
AILA_Q49,C2657,0.388457,15,0
AILA_Q49,C2638,0.388194,16,0
AILA_Q49,C2768,0.388157,17,0
AILA_Q49,C823,0.388119,18,0
AILA_Q49,C2765,0.388056,19,0
AILA_Q49,C1830,0.388042,20,0
AILA_Q49,C757,0.387964,21,0
AILA_Q49,C2311,0.387923,22,0
AILA_Q49,C2798,0.38769,23,0
AILA_Q49,C2313,0.387643,24,0
AILA_Q49,C1812,0.387412,25,0
AILA_Q49,C2686,0.38731,26,0
AILA_Q49,C2699,0.387191,27,0
AILA_Q49,C956,0.386935,28,0
AILA_Q49,C2316,0.386844,29,0
AILA_Q49,C1838,0.386827,30,0
AILA_Q49,C92,0.386746,31,1
AILA_Q49,C1196,0.386571,32,0
AILA_Q49,C76,0.386516,33,1
AILA_Q49,C1827,0.386263,34,0
AILA_Q49,C2318,0.386213,35,0
AILA_Q49,C2644,0.385845,36,0
AILA_Q49,C1848,0.385748,37,0
AILA_Q49,C842,0.38545,38,0
AILA_Q49,C764,0.385145,39,0
AILA_Q49,C38,0.385094,40,1
AILA_Q49,C2846,0.385083,41,0
AILA_Q49,C1325,0.384902,42,0
AILA_Q49,C1682,0.384733,43,0
AILA_Q49,C1930,0.384406,44,0
AILA_Q49,C2725,0.384099,45,0
AILA_Q49,C1200,0.383981,46,0
AILA_Q49,C1623,0.383585,47,0
AILA_Q49,C2132,0.383353,48,0
AILA_Q49,C2462,0.383346,49,0
AILA_Q49,C1701,0.382842,50,0
AILA_Q49,C2760,0.382373,51,0
AILA_Q49,C1462,0.382117,52,0
AILA_Q49,C15,0.381795,53,0
AILA_Q49,C1407,0.381534,54,0
AILA_Q50,C2884,0.402787,1,0
AILA_Q50,C1041,0.398768,2,0
AILA_Q50,C1481,0.398139,3,0
AILA_Q50,C2245,0.39771,4,0
AILA_Q50,C993,0.395987,5,0
AILA_Q50,C823,0.395349,6,0
AILA_Q50,C2721,0.394028,7,0
AILA_Q50,C2798,0.393384,8,0
AILA_Q50,C1932,0.393323,9,0
AILA_Q50,C2311,0.393304,10,0
AILA_Q50,C2853,0.392717,11,0
AILA_Q50,C2313,0.392279,12,0
AILA_Q50,C757,0.392221,13,0
AILA_Q50,C1756,0.392127,14,0
AILA_Q50,C1812,0.39208,15,0
AILA_Q50,C2316,0.391987,16,0
AILA_Q50,C455,0.391972,17,0
AILA_Q50,C2657,0.391557,18,0
AILA_Q50,C958,0.391242,19,0
AILA_Q50,C27,0.39101,20,1
AILA_Q50,C130,0.390836,21,0
AILA_Q50,C2195,0.390791,22,0
AILA_Q50,C1210,0.390359,23,0
AILA_Q50,C1827,0.39029,24,0
AILA_Q50,C2699,0.390143,25,0
AILA_Q50,C1838,0.390002,26,0
AILA_Q50,C2768,0.389963,27,0
AILA_Q50,C2242,0.389807,28,0
AILA_Q50,C2765,0.38959,29,0
AILA_Q50,C1848,0.38867,30,0
AILA_Q50,C2318,0.38862,31,0
AILA_Q50,C1200,0.388187,32,0
AILA_Q50,C516,0.388071,33,0
AILA_Q50,C242,0.38738,34,0
AILA_Q50,C1914,0.387184,35,0
AILA_Q50,C2644,0.386997,36,0
AILA_Q50,C1325,0.386921,37,0
AILA_Q50,C764,0.386754,38,0
AILA_Q50,C2725,0.386697,39,0
AILA_Q50,C2846,0.386578,40,0
AILA_Q50,C1986,0.386525,41,0
AILA_Q50,C22,0.386397,42,1
AILA_Q50,C1623,0.386241,43,0
AILA_Q50,C348,0.386071,44,0
AILA_Q50,C307,0.385497,45,0
AILA_Q50,C2462,0.38525,46,0
AILA_Q50,C1701,0.385189,47,0
AILA_Q50,C2101,0.384999,48,0
AILA_Q50,C2449,0.384759,49,0
AILA_Q50,C2874,0.384505,50,0
AILA_Q50,C2475,0.384385,51,0
AILA_Q50,C1897,0.38354,52,0
